,index,Date,Open,High,Low,Close,Adj Close,Volume,prevClose,prevOpen,prevHigh,prevLow,qty_traded,trading_price,total_qty,inflow,mktval
0,1232,2015-01-02,8300.4501953125,8416.4501953125,8300.4501953125,8399.900390625,8399.900390625,1670100.0,8295.5498046875,8280.5498046875,8305.599609375,8259.5,0.0,-0.0,0.0,-0.0,0.0
1,1233,2015-01-05,8411.75,8453.349609375,8370.7998046875,8383.349609375,8383.349609375,1764200.0,8399.900390625,8300.4501953125,8416.4501953125,8300.4501953125,0.0,-0.0,0.0,-0.0,0.0
2,1234,2015-01-06,8331.650390625,8331.650390625,8119.39990234375,8133.89990234375,8133.89990234375,2539000.0,8383.349609375,8411.75,8453.349609375,8370.7998046875,0.0,-0.0,0.0,-0.0,0.0
3,1235,2015-01-07,8127.35009765625,8160.0498046875,8070.0,8112.35009765625,8112.35009765625,2391600.0,8133.89990234375,8331.650390625,8331.650390625,8119.39990234375,0.0,-0.0,0.0,-0.0,0.0
4,1236,2015-01-08,8200.2001953125,8254.400390625,8181.2001953125,8248.7998046875,8248.7998046875,2226900.0,8112.35009765625,8127.35009765625,8160.0498046875,8070.0,1.0,-8248.7998046875,1.0,-8248.7998046875,8248.7998046875
5,1237,2015-01-09,8300.599609375,8317.25,8209.7001953125,8288.9501953125,8288.9501953125,2323400.0,8248.7998046875,8200.2001953125,8254.400390625,8181.2001953125,0.0,-0.0,1.0,-0.0,8288.9501953125
6,1238,2015-01-12,8295.9501953125,8334.9501953125,8254.0,8327.0498046875,8327.0498046875,1640600.0,8288.9501953125,8300.599609375,8317.25,8209.7001953125,1.0,-8327.0498046875,2.0,-8327.0498046875,16654.099609375
7,1239,2015-01-13,8350.7998046875,8362.7001953125,8275.25,8305.2998046875,8305.2998046875,2061300.0,8327.0498046875,8295.9501953125,8334.9501953125,8254.0,0.0,-0.0,2.0,-0.0,16610.599609375
8,1240,2015-01-14,8315.5,8335.9501953125,8247.400390625,8286.4501953125,8286.4501953125,2327900.0,8305.2998046875,8350.7998046875,8362.7001953125,8275.25,0.0,-0.0,2.0,-0.0,16572.900390625
9,1241,2015-01-15,8428.650390625,8519.400390625,8391.7998046875,8486.2001953125,8486.2001953125,3318200.0,8286.4501953125,8315.5,8335.9501953125,8247.400390625,0.0,-0.0,2.0,-0.0,16972.400390625
10,1242,2015-01-16,8496.150390625,8525.0498046875,8448.599609375,8512.0,8512.0,2566100.0,8486.2001953125,8428.650390625,8519.400390625,8391.7998046875,0.0,-0.0,2.0,-0.0,17024.0
11,1243,2015-01-19,8545.2001953125,8570.900390625,8534.400390625,8548.2998046875,8548.2998046875,1926100.0,8512.0,8496.150390625,8525.0498046875,8448.599609375,-1.0,8548.2998046875,1.0,8548.2998046875,8548.2998046875
12,1244,2015-01-20,8573.099609375,8684.9501953125,8573.099609375,8673.099609375,8673.099609375,2303400.0,8548.2998046875,8545.2001953125,8570.900390625,8534.400390625,-1.0,8673.099609375,0.0,8673.099609375,0.0
13,1245,2015-01-21,8697.7998046875,8719.4501953125,8666.099609375,8705.0,8705.0,2822800.0,8673.099609375,8573.099609375,8684.9501953125,8573.099609375,0.0,-0.0,0.0,-0.0,0.0
14,1246,2015-01-22,8718.849609375,8749.150390625,8698.349609375,8734.599609375,8734.599609375,2567900.0,8705.0,8697.7998046875,8719.4501953125,8666.099609375,-1.0,8734.599609375,-1.0,8734.599609375,-8734.599609375
15,1247,2015-01-23,8801.25,8834.150390625,8765.900390625,8811.650390625,8811.650390625,3031600.0,8734.599609375,8718.849609375,8749.150390625,8698.349609375,0.0,-0.0,-1.0,-0.0,-8811.650390625
16,1248,2015-01-27,8844.650390625,8893.599609375,8799.650390625,8881.0,8881.0,2762700.0,8811.650390625,8801.25,8834.150390625,8765.900390625,-1.0,8881.0,-2.0,8881.0,-17762.0
17,1249,2015-01-28,8873.400390625,8958.400390625,8854.099609375,8893.2998046875,8893.2998046875,2870000.0,8881.0,8844.650390625,8893.599609375,8799.650390625,0.0,-0.0,-2.0,-0.0,-17786.599609375
18,1250,2015-01-29,8881.400390625,8935.849609375,8843.2001953125,8924.2998046875,8924.2998046875,3701100.0,8893.2998046875,8873.400390625,8958.400390625,8854.099609375,-1.0,8924.2998046875,-3.0,8924.2998046875,-26772.8994140625
19,1251,2015-01-30,8968.9501953125,8969.650390625,8762.7001953125,8794.9501953125,8794.9501953125,3869200.0,8924.2998046875,8881.400390625,8935.849609375,8843.2001953125,0.0,-0.0,-3.0,-0.0,-26384.8505859375
20,1252,2015-02-02,8791.400390625,8831.7001953125,8748.349609375,8798.2001953125,8798.2001953125,3083900.0,8794.9501953125,8968.9501953125,8969.650390625,8762.7001953125,0.0,-0.0,-3.0,-0.0,-26394.6005859375
21,1253,2015-02-03,8825.599609375,8838.7001953125,8729.9501953125,8751.2998046875,8751.2998046875,3063700.0,8798.2001953125,8791.400390625,8831.7001953125,8748.349609375,-1.0,8751.2998046875,-4.0,8751.2998046875,-35005.19921875
22,1254,2015-02-04,8784.0498046875,8785.5,8694.849609375,8713.9501953125,8713.9501953125,3029600.0,8751.2998046875,8825.599609375,8838.7001953125,8729.9501953125,0.0,-0.0,-4.0,-0.0,-34855.80078125
23,1255,2015-02-05,8722.4501953125,8812.849609375,8661.7998046875,8688.4501953125,8688.4501953125,2731800.0,8713.9501953125,8784.0498046875,8785.5,8694.849609375,0.0,-0.0,-4.0,-0.0,-34753.80078125
24,1256,2015-02-06,8677.400390625,8705.0498046875,8624.0498046875,8637.75,8637.75,2629000.0,8688.4501953125,8722.4501953125,8812.849609375,8661.7998046875,1.0,-8637.75,-3.0,-8637.75,-25913.25
25,1257,2015-02-09,8563.400390625,8579.5498046875,8490.650390625,8500.400390625,8500.400390625,2305800.0,8637.75,8677.400390625,8705.0498046875,8624.0498046875,0.0,-0.0,-3.0,-0.0,-25501.201171875
26,1258,2015-02-10,8454.849609375,8627.0498046875,8447.7998046875,8547.7001953125,8547.7001953125,2974600.0,8500.400390625,8563.400390625,8579.5498046875,8490.650390625,0.0,-0.0,-3.0,-0.0,-25643.1005859375
27,1259,2015-02-11,8585.9501953125,8640.650390625,8580.849609375,8623.849609375,8623.849609375,2373200.0,8547.7001953125,8454.849609375,8627.0498046875,8447.7998046875,0.0,-0.0,-3.0,-0.0,-25871.548828125
28,1260,2015-02-12,8674.849609375,8733.0498046875,8608.900390625,8714.75,8714.75,2505600.0,8623.849609375,8585.9501953125,8640.650390625,8580.849609375,0.0,-0.0,-3.0,-0.0,-26144.25
29,1261,2015-02-13,8744.7998046875,8814.650390625,8733.0,8800.2001953125,8800.2001953125,3113300.0,8714.75,8674.849609375,8733.0498046875,8608.900390625,0.0,-0.0,-3.0,-0.0,-26400.6005859375
30,1262,2015-02-16,8827.2998046875,8863.0,8780.349609375,8796.349609375,8796.349609375,2131500.0,8800.2001953125,8744.7998046875,8814.650390625,8733.0,0.0,-0.0,-3.0,-0.0,-26389.048828125
31,1263,2015-02-18,8802.0,8875.150390625,8802.0,8854.2998046875,8854.2998046875,2298500.0,8796.349609375,8827.2998046875,8863.0,8780.349609375,0.0,-0.0,-3.0,-0.0,-26562.8994140625
32,1264,2015-02-19,8872.5498046875,8890.7998046875,8775.7998046875,8874.849609375,8874.849609375,2943400.0,8854.2998046875,8802.0,8875.150390625,8802.0,0.0,-0.0,-3.0,-0.0,-26624.548828125
33,1265,2015-02-20,8881.349609375,8881.349609375,8804.400390625,8826.349609375,8826.349609375,2747200.0,8874.849609375,8872.5498046875,8890.7998046875,8775.7998046875,-1.0,8826.349609375,-4.0,8826.349609375,-35305.3984375
34,1266,2015-02-23,8855.0498046875,8862.650390625,8732.2998046875,8749.150390625,8749.150390625,2104000.0,8826.349609375,8881.349609375,8881.349609375,8804.400390625,0.0,-0.0,-4.0,-0.0,-34996.6015625
35,1267,2015-02-24,8766.5498046875,8787.400390625,8718.4501953125,8754.2001953125,8754.2001953125,2380600.0,8749.150390625,8855.0498046875,8862.650390625,8732.2998046875,0.0,-0.0,-4.0,-0.0,-35016.80078125
36,1268,2015-02-25,8794.0498046875,8829.2998046875,8740.7001953125,8756.0,8756.0,2086300.0,8754.2001953125,8766.5498046875,8787.400390625,8718.4501953125,1.0,-8756.0,-3.0,-8756.0,-26268.0
37,1269,2015-02-26,8767.0498046875,8771.75,8657.2998046875,8670.9501953125,8670.9501953125,3511300.0,8756.0,8794.0498046875,8829.2998046875,8740.7001953125,0.0,-0.0,-3.0,-0.0,-26012.8505859375
38,1270,2015-02-27,8714.349609375,8847.849609375,8709.2998046875,8836.349609375,8836.349609375,3399800.0,8670.9501953125,8767.0498046875,8771.75,8657.2998046875,0.0,-0.0,-3.0,-0.0,-26509.048828125
39,1271,2015-03-02,8937.75,8960.2998046875,8873.0,8948.5,8948.5,3140300.0,8836.349609375,8714.349609375,8847.849609375,8709.2998046875,0.0,-0.0,-3.0,-0.0,-26845.5
40,1272,2015-03-03,8956.349609375,9002.5498046875,8924.7001953125,8991.400390625,8991.400390625,2613000.0,8948.5,8937.75,8960.2998046875,8873.0,-1.0,8991.400390625,-4.0,8991.400390625,-35965.6015625
41,1273,2015-03-04,9098.75,9105.400390625,8887.75,8913.0,8913.0,3552700.0,8991.400390625,8956.349609375,9002.5498046875,8924.7001953125,0.0,-0.0,-4.0,-0.0,-35652.0
42,1274,2015-03-05,8922.849609375,8951.650390625,8846.0,8933.599609375,8933.599609375,2489600.0,8913.0,9098.75,9105.400390625,8887.75,0.0,-0.0,-4.0,-0.0,-35734.3984375
43,1275,2015-03-09,8889.0498046875,8889.0498046875,8748.650390625,8763.2998046875,8763.2998046875,2376300.0,8933.599609375,8922.849609375,8951.650390625,8846.0,-1.0,8763.2998046875,-5.0,8763.2998046875,-43816.4990234375
44,1276,2015-03-10,8778.650390625,8795.099609375,8693.2001953125,8727.599609375,8727.599609375,2520200.0,8763.2998046875,8889.0498046875,8889.0498046875,8748.650390625,0.0,-0.0,-5.0,-0.0,-43637.998046875
45,1277,2015-03-11,8745.2001953125,8765.650390625,8697.0498046875,8713.7998046875,8713.7998046875,2605700.0,8727.599609375,8778.650390625,8795.099609375,8693.2001953125,0.0,-0.0,-5.0,-0.0,-43568.9990234375
46,1278,2015-03-12,8753.400390625,8812.25,8749.2998046875,8802.7998046875,8802.7998046875,2754300.0,8713.7998046875,8745.2001953125,8765.650390625,8697.0498046875,0.0,-0.0,-5.0,-0.0,-44013.9990234375
47,1279,2015-03-13,8868.599609375,8871.599609375,8659.2001953125,8673.900390625,8673.900390625,2970800.0,8802.7998046875,8753.400390625,8812.25,8749.2998046875,0.0,-0.0,-5.0,-0.0,-43369.501953125
48,1280,2015-03-16,8685.099609375,8689.0498046875,8630.7001953125,8651.099609375,8651.099609375,2655500.0,8673.900390625,8868.599609375,8871.599609375,8659.2001953125,0.0,-0.0,-5.0,-0.0,-43255.498046875
49,1281,2015-03-17,8704.9501953125,8765.400390625,8657.900390625,8748.099609375,8748.099609375,2622200.0,8651.099609375,8685.099609375,8689.0498046875,8630.7001953125,0.0,-0.0,-5.0,-0.0,-43740.498046875
50,1282,2015-03-18,8769.400390625,8769.400390625,8696.75,8719.75,8719.75,2347100.0,8748.099609375,8704.9501953125,8765.400390625,8657.900390625,0.0,-0.0,-5.0,-0.0,-43598.75
51,1283,2015-03-19,8783.75,8823.75,8652.25,8671.2998046875,8671.2998046875,2375900.0,8719.75,8769.400390625,8769.400390625,8696.75,0.0,-0.0,-5.0,-0.0,-43356.4990234375
52,1284,2015-03-20,8666.650390625,8666.650390625,8579.400390625,8596.2998046875,8596.2998046875,2690600.0,8671.2998046875,8783.75,8823.75,8652.25,0.0,-0.0,-5.0,-0.0,-42981.4990234375
53,1285,2015-03-23,8616.7998046875,8631.099609375,8556.7001953125,8567.4501953125,8567.4501953125,2055100.0,8596.2998046875,8666.650390625,8666.650390625,8579.400390625,0.0,-0.0,-5.0,-0.0,-42837.2509765625
54,1286,2015-03-24,8556.0,8633.9501953125,8548.7001953125,8556.0,8556.0,2184900.0,8567.4501953125,8616.7998046875,8631.099609375,8556.7001953125,0.0,-0.0,-5.0,-0.0,-42780.0
55,1287,2015-03-25,8581.9501953125,8583.900390625,8532.75,8546.2998046875,8546.2998046875,2241700.0,8556.0,8556.0,8633.9501953125,8548.7001953125,0.0,-0.0,-5.0,-0.0,-42731.4990234375
56,1288,2015-03-26,8494.4501953125,8514.2001953125,8356.900390625,8370.900390625,8370.900390625,4036600.0,8546.2998046875,8581.9501953125,8583.900390625,8532.75,0.0,-0.0,-5.0,-0.0,-41854.501953125
57,1289,2015-03-27,8425.5,8430.5498046875,8286.150390625,8370.099609375,8370.099609375,2719600.0,8370.900390625,8494.4501953125,8514.2001953125,8356.900390625,0.0,-0.0,-5.0,-0.0,-41850.498046875
58,1290,2015-03-30,8421.150390625,8527.7001953125,8415.849609375,8518.349609375,8518.349609375,1993000.0,8370.099609375,8425.5,8430.5498046875,8286.150390625,0.0,-0.0,-5.0,-0.0,-42591.748046875
59,1291,2015-03-31,8555.2001953125,8577.75,8483.2998046875,8519.5,8519.5,2496300.0,8518.349609375,8421.150390625,8527.7001953125,8415.849609375,0.0,-0.0,-5.0,-0.0,-42597.5
60,1292,2015-04-01,8513.599609375,8627.5,8494.5,8613.349609375,8613.349609375,1905200.0,8519.5,8555.2001953125,8577.75,8483.2998046875,0.0,-0.0,-5.0,-0.0,-43066.748046875
61,1293,2015-04-06,8644.900390625,8696.0,8606.349609375,8688.400390625,8688.400390625,2141900.0,8613.349609375,8513.599609375,8627.5,8494.5,0.0,-0.0,-5.0,-0.0,-43442.001953125
62,1294,2015-04-07,8713.7001953125,8724.0498046875,8624.75,8702.75,8702.75,2273900.0,8688.400390625,8644.900390625,8696.0,8606.349609375,0.0,-0.0,-5.0,-0.0,-43513.75
63,1295,2015-04-08,8742.900390625,8774.0498046875,8724.2998046875,8759.0,8759.0,2396600.0,8702.75,8713.7001953125,8724.0498046875,8624.75,1.0,-8759.0,-4.0,-8759.0,-35036.0
64,1296,2015-04-09,8802.7998046875,8821.900390625,8726.9501953125,8815.0,8815.0,2510900.0,8759.0,8742.900390625,8774.0498046875,8724.2998046875,0.0,-0.0,-4.0,-0.0,-35260.0
65,1297,2015-04-10,8812.9501953125,8832.900390625,8782.599609375,8825.900390625,8825.900390625,2752800.0,8815.0,8802.7998046875,8821.900390625,8726.9501953125,-1.0,8825.900390625,-5.0,8825.900390625,-44129.501953125
66,1298,2015-04-13,8847.849609375,8889.25,8816.4501953125,8882.2998046875,8882.2998046875,2044100.0,8825.900390625,8812.9501953125,8832.900390625,8782.599609375,0.0,-0.0,-5.0,-0.0,-44411.4990234375
67,1299,2015-04-15,8895.2001953125,8895.2001953125,8773.9501953125,8799.849609375,8799.849609375,2643700.0,8882.2998046875,8847.849609375,8889.25,8816.4501953125,0.0,-0.0,-5.0,-0.0,-43999.248046875
68,1300,2015-04-16,8808.75,8809.7998046875,8690.0498046875,8753.900390625,8753.900390625,2230200.0,8799.849609375,8895.2001953125,8895.2001953125,8773.9501953125,0.0,-0.0,-5.0,-0.0,-43769.501953125
69,1301,2015-04-17,8747.099609375,8748.0498046875,8638.25,8647.9501953125,8647.9501953125,2264000.0,8753.900390625,8808.75,8809.7998046875,8690.0498046875,0.0,-0.0,-5.0,-0.0,-43239.7509765625
70,1302,2015-04-20,8662.400390625,8662.400390625,8456.5498046875,8487.0,8487.0,2296900.0,8647.9501953125,8747.099609375,8748.0498046875,8638.25,0.0,-0.0,-5.0,-0.0,-42435.0
71,1303,2015-04-21,8462.849609375,8508.2001953125,8394.2001953125,8418.7001953125,8418.7001953125,4885800.0,8487.0,8662.400390625,8662.400390625,8456.5498046875,0.0,-0.0,-5.0,-0.0,-42093.5009765625
72,1304,2015-04-22,8443.5,8481.75,8324.900390625,8463.599609375,8463.599609375,2549300.0,8418.7001953125,8462.849609375,8508.2001953125,8394.2001953125,0.0,-0.0,-5.0,-0.0,-42317.998046875
73,1305,2015-04-23,8512.099609375,8541.25,8407.849609375,8441.099609375,8441.099609375,2314700.0,8463.599609375,8443.5,8481.75,8324.900390625,-1.0,8441.099609375,-6.0,8441.099609375,-50646.59765625
74,1306,2015-04-24,8450.150390625,8452.349609375,8312.2001953125,8342.900390625,8342.900390625,2474300.0,8441.099609375,8512.099609375,8541.25,8407.849609375,0.0,-0.0,-6.0,-0.0,-50057.40234375
75,1307,2015-04-27,8366.4501953125,8367.849609375,8229.9501953125,8241.2998046875,8241.2998046875,2550400.0,8342.900390625,8450.150390625,8452.349609375,8312.2001953125,0.0,-0.0,-6.0,-0.0,-49447.798828125
76,1308,2015-04-28,8239.5,8342.099609375,8211.9501953125,8323.4501953125,8323.4501953125,2691200.0,8241.2998046875,8366.4501953125,8367.849609375,8229.9501953125,0.0,-0.0,-6.0,-0.0,-49940.701171875
77,1309,2015-04-29,8316.9501953125,8347.4501953125,8259.599609375,8287.400390625,8287.400390625,2480400.0,8323.4501953125,8239.5,8342.099609375,8211.9501953125,0.0,-0.0,-6.0,-0.0,-49724.40234375
78,1310,2015-04-30,8274.5498046875,8275.25,8199.4501953125,8239.5498046875,8239.5498046875,4029500.0,8287.400390625,8316.9501953125,8347.4501953125,8259.599609375,0.0,-0.0,-6.0,-0.0,-49437.298828125
79,1311,2015-05-04,8288.650390625,8402.9501953125,8282.7998046875,8389.900390625,8389.900390625,2135200.0,8239.5498046875,8274.5498046875,8275.25,8199.4501953125,0.0,-0.0,-6.0,-0.0,-50339.40234375
80,1312,2015-05-05,8396.5,8419.2998046875,8349.2998046875,8393.5498046875,8393.5498046875,2491300.0,8389.900390625,8288.650390625,8402.9501953125,8282.7998046875,0.0,-0.0,-6.0,-0.0,-50361.298828125
81,1313,2015-05-06,8382.7001953125,8394.25,8142.39990234375,8156.75,8156.75,3126800.0,8393.5498046875,8396.5,8419.2998046875,8349.2998046875,1.0,-8156.75,-5.0,-8156.75,-40783.75
82,1314,2015-05-07,8137.2998046875,8170.85009765625,8028.2998046875,8089.35009765625,8089.35009765625,2377900.0,8156.75,8382.7001953125,8394.25,8142.39990234375,0.0,-0.0,-5.0,-0.0,-40446.75048828125
83,1315,2015-05-08,8160.7998046875,8261.7001953125,8160.7998046875,8230.0498046875,8230.0498046875,2514700.0,8089.35009765625,8137.2998046875,8170.85009765625,8028.2998046875,0.0,-0.0,-5.0,-0.0,-41150.2490234375
84,1316,2015-05-11,8283.2001953125,8379.0,8267.099609375,8372.0498046875,8372.0498046875,2686200.0,8230.0498046875,8160.7998046875,8261.7001953125,8160.7998046875,0.0,-0.0,-5.0,-0.0,-41860.2490234375
85,1317,2015-05-12,8373.9501953125,8373.9501953125,8168.2998046875,8179.2001953125,8179.2001953125,2643500.0,8372.0498046875,8283.2001953125,8379.0,8267.099609375,0.0,-0.0,-5.0,-0.0,-40896.0009765625
86,1318,2015-05-13,8235.0,8312.349609375,8154.14990234375,8298.5,8298.5,2740000.0,8179.2001953125,8373.9501953125,8373.9501953125,8168.2998046875,0.0,-0.0,-5.0,-0.0,-41492.5
87,1319,2015-05-14,8294.900390625,8316.2001953125,8208.099609375,8305.2001953125,8305.2001953125,2186300.0,8298.5,8235.0,8312.349609375,8154.14990234375,0.0,-0.0,-5.0,-0.0,-41526.0009765625
88,1320,2015-05-15,8323.099609375,8360.0498046875,8296.2001953125,8342.25,8342.25,1982600.0,8305.2001953125,8294.900390625,8316.2001953125,8208.099609375,-1.0,8342.25,-6.0,8342.25,-50053.5
89,1321,2015-05-18,8366.4501953125,8461.099609375,8354.4501953125,8452.5498046875,8452.5498046875,2129500.0,8342.25,8323.099609375,8360.0498046875,8296.2001953125,0.0,-0.0,-6.0,-0.0,-50715.298828125
90,1322,2015-05-19,8436.75,8504.650390625,8415.150390625,8445.25,8445.25,2051100.0,8452.5498046875,8366.4501953125,8461.099609375,8354.4501953125,0.0,-0.0,-6.0,-0.0,-50671.5
91,1323,2015-05-20,8475.4501953125,8518.0,8475.4501953125,8495.900390625,8495.900390625,1934500.0,8445.25,8436.75,8504.650390625,8415.150390625,-1.0,8495.900390625,-7.0,8495.900390625,-59471.302734375
92,1324,2015-05-21,8507.0,8513.9501953125,8453.0498046875,8489.5,8489.5,2029800.0,8495.900390625,8475.4501953125,8518.0,8475.4501953125,0.0,-0.0,-7.0,-0.0,-59426.5
93,1325,2015-05-22,8503.0498046875,8552.650390625,8486.400390625,8523.150390625,8523.150390625,2485000.0,8489.5,8507.0,8513.9501953125,8453.0498046875,0.0,-0.0,-7.0,-0.0,-59662.052734375
94,1326,2015-05-25,8503.5,8508.25,8441.349609375,8447.599609375,8447.599609375,1749600.0,8523.150390625,8503.0498046875,8552.650390625,8486.400390625,0.0,-0.0,-7.0,-0.0,-59133.197265625
95,1327,2015-05-26,8456.099609375,8458.2001953125,8399.349609375,8419.599609375,8419.599609375,1780000.0,8447.599609375,8503.5,8508.25,8441.349609375,0.0,-0.0,-7.0,-0.0,-58937.197265625
96,1328,2015-05-27,8378.7998046875,8414.25,8357.7001953125,8406.5,8406.5,2356600.0,8419.599609375,8456.099609375,8458.2001953125,8399.349609375,0.0,-0.0,-7.0,-0.0,-58845.5
97,1329,2015-05-28,8417.150390625,8432.099609375,8330.9501953125,8383.4501953125,8383.4501953125,3494200.0,8406.5,8378.7998046875,8414.25,8357.7001953125,0.0,-0.0,-7.0,-0.0,-58684.1513671875
98,1330,2015-05-29,8394.2001953125,8506.2001953125,8374.9501953125,8499.849609375,8499.849609375,5727400.0,8383.4501953125,8417.150390625,8432.099609375,8330.9501953125,0.0,-0.0,-7.0,-0.0,-59498.947265625
99,1331,2015-06-01,8480.0,8525.2998046875,8472.849609375,8495.5498046875,8495.5498046875,1810600.0,8499.849609375,8394.2001953125,8506.2001953125,8374.9501953125,0.0,-0.0,-7.0,-0.0,-59468.8486328125
100,1332,2015-06-02,8506.400390625,8506.400390625,8292.25,8300.849609375,8300.849609375,2212800.0,8495.5498046875,8480.0,8525.2998046875,8472.849609375,0.0,-0.0,-7.0,-0.0,-58105.947265625
101,1333,2015-06-03,8298.2998046875,8298.2998046875,8141.7998046875,8197.900390625,8197.900390625,2854000.0,8300.849609375,8506.400390625,8506.400390625,8292.25,0.0,-0.0,-7.0,-0.0,-57385.302734375
102,1334,2015-06-04,8217.599609375,8217.599609375,8122.85009765625,8196.5498046875,8196.5498046875,2314400.0,8197.900390625,8298.2998046875,8298.2998046875,8141.7998046875,0.0,-0.0,-7.0,-0.0,-57375.8486328125
103,1335,2015-06-05,8182.7998046875,8254.75,8169.10009765625,8186.25,8186.25,2245800.0,8196.5498046875,8217.599609375,8217.599609375,8122.85009765625,1.0,-8186.25,-6.0,-8186.25,-49117.5
104,1336,2015-06-08,8197.0498046875,8200.4501953125,8096.25,8109.0,8109.0,2022700.0,8186.25,8182.7998046875,8254.75,8169.10009765625,-1.0,8109.0,-7.0,8109.0,-56763.0
105,1337,2015-06-09,8092.4501953125,8122.7001953125,8067.9501953125,8087.64990234375,8087.64990234375,1956400.0,8109.0,8197.0498046875,8200.4501953125,8096.25,0.0,-0.0,-7.0,-0.0,-56613.54931640625
106,1338,2015-06-10,8091.7998046875,8213.2998046875,8091.7998046875,8187.14990234375,8187.14990234375,1902500.0,8087.64990234375,8092.4501953125,8122.7001953125,8067.9501953125,1.0,-8187.14990234375,-6.0,-8187.14990234375,-49122.8994140625
107,1339,2015-06-11,8223.2998046875,8225.900390625,8026.60009765625,8032.35009765625,8032.35009765625,2350100.0,8187.14990234375,8091.7998046875,8213.2998046875,8091.7998046875,0.0,-0.0,-6.0,-0.0,-48194.1005859375
108,1340,2015-06-12,8023.7001953125,8059.5498046875,8006.39990234375,8049.9501953125,8049.9501953125,1954800.0,8032.35009765625,8223.2998046875,8225.900390625,8026.60009765625,0.0,-0.0,-6.0,-0.0,-48299.701171875
109,1341,2015-06-15,8055.10009765625,8121.14990234375,8018.5498046875,8078.25,8078.25,1890800.0,8049.9501953125,8023.7001953125,8059.5498046875,8006.39990234375,0.0,-0.0,-6.0,-0.0,-48469.5
110,1342,2015-06-16,8072.4501953125,8128.10009765625,8021.2998046875,8114.5,8114.5,1826200.0,8078.25,8055.10009765625,8121.14990234375,8018.5498046875,-1.0,8114.5,-7.0,8114.5,-56801.5
111,1343,2015-06-17,8153.2001953125,8215.75,8122.39990234375,8172.2001953125,8172.2001953125,2179300.0,8114.5,8072.4501953125,8128.10009765625,8021.2998046875,0.0,-0.0,-7.0,-0.0,-57205.4013671875
112,1344,2015-06-18,8193.650390625,8258.9501953125,8186.5,8248.650390625,8248.650390625,2043100.0,8172.2001953125,8153.2001953125,8215.75,8122.39990234375,-1.0,8248.650390625,-8.0,8248.650390625,-65989.203125
113,1345,2015-06-19,8277.0,8324.349609375,8272.2998046875,8298.7001953125,8298.7001953125,2114100.0,8248.650390625,8193.650390625,8258.9501953125,8186.5,0.0,-0.0,-8.0,-0.0,-66389.6015625
114,1346,2015-06-22,8331.900390625,8439.099609375,8331.900390625,8427.4501953125,8427.4501953125,1936600.0,8298.7001953125,8277.0,8324.349609375,8272.2998046875,0.0,-0.0,-8.0,-0.0,-67419.6015625
115,1347,2015-06-23,8451.4501953125,8474.7998046875,8410.25,8453.400390625,8453.400390625,1930400.0,8427.4501953125,8331.900390625,8439.099609375,8331.900390625,0.0,-0.0,-8.0,-0.0,-67627.203125
116,1348,2015-06-24,8471.099609375,8488.2001953125,8407.599609375,8428.599609375,8428.599609375,2010600.0,8453.400390625,8451.4501953125,8474.7998046875,8410.25,-1.0,8428.599609375,-9.0,8428.599609375,-75857.396484375
117,1349,2015-06-25,8404.400390625,8489.2998046875,8399.4501953125,8467.25,8467.25,3084600.0,8428.599609375,8471.099609375,8488.2001953125,8407.599609375,0.0,-0.0,-9.0,-0.0,-76205.25
118,1350,2015-06-26,8460.4501953125,8475.4501953125,8406.900390625,8450.9501953125,8450.9501953125,2015200.0,8467.25,8404.400390625,8489.2998046875,8399.4501953125,0.0,-0.0,-9.0,-0.0,-76058.5517578125
119,1351,2015-06-29,8310.7001953125,8391.849609375,8262.0498046875,8382.650390625,8382.650390625,2067800.0,8450.9501953125,8460.4501953125,8475.4501953125,8406.900390625,1.0,-8382.650390625,-8.0,-8382.650390625,-67061.203125
120,1352,2015-06-30,8383.150390625,8449.2998046875,8368.650390625,8440.9501953125,8440.9501953125,2388400.0,8382.650390625,8310.7001953125,8391.849609375,8262.0498046875,0.0,-0.0,-8.0,-0.0,-67527.6015625
121,1353,2015-07-01,8452.5,8550.650390625,8447.349609375,8528.849609375,8528.849609375,2022300.0,8440.9501953125,8383.150390625,8449.2998046875,8368.650390625,0.0,-0.0,-8.0,-0.0,-68230.796875
122,1354,2015-07-02,8550.599609375,8567.599609375,8522.900390625,8536.25,8536.25,1938400.0,8528.849609375,8452.5,8550.650390625,8447.349609375,0.0,-0.0,-8.0,-0.0,-68290.0
123,1355,2015-07-03,8534.4501953125,8591.5498046875,8522.400390625,8568.9501953125,8568.9501953125,1526100.0,8536.25,8550.599609375,8567.599609375,8522.900390625,0.0,-0.0,-8.0,-0.0,-68551.6015625
124,1356,2015-07-06,8468.099609375,8618.150390625,8468.099609375,8609.7001953125,8609.7001953125,1650100.0,8568.9501953125,8534.4501953125,8591.5498046875,8522.400390625,0.0,-0.0,-8.0,-0.0,-68877.6015625
125,1357,2015-07-07,8615.650390625,8650.599609375,8575.7998046875,8606.150390625,8606.150390625,2031900.0,8609.7001953125,8468.099609375,8618.150390625,8468.099609375,0.0,-0.0,-8.0,-0.0,-68849.203125
126,1358,2015-07-08,8533.849609375,8559.599609375,8439.5,8465.0,8465.0,2901200.0,8606.150390625,8615.650390625,8650.599609375,8575.7998046875,1.0,-8465.0,-7.0,-8465.0,-59255.0
127,1359,2015-07-09,8469.349609375,8503.099609375,8427.900390625,8433.7001953125,8433.7001953125,2084000.0,8465.0,8533.849609375,8559.599609375,8439.5,0.0,-0.0,-7.0,-0.0,-59035.9013671875
128,1360,2015-07-10,8471.349609375,8483.2998046875,8417.650390625,8460.2001953125,8460.2001953125,2313300.0,8433.7001953125,8469.349609375,8503.099609375,8427.900390625,0.0,-0.0,-7.0,-0.0,-59221.4013671875
129,1361,2015-07-13,8496.7001953125,8570.0,8459.5498046875,8560.4501953125,8560.4501953125,1775500.0,8460.2001953125,8471.349609375,8483.2998046875,8417.650390625,1.0,-8560.4501953125,-6.0,-8560.4501953125,-51362.701171875
130,1362,2015-07-14,8573.650390625,8584.25,8532.7001953125,8558.5498046875,8558.5498046875,1597200.0,8560.4501953125,8496.7001953125,8570.0,8459.5498046875,0.0,-0.0,-6.0,-0.0,-51351.298828125
131,1363,2015-07-15,8569.099609375,8625.849609375,8569.099609375,8618.0498046875,8618.0498046875,1684200.0,8558.5498046875,8573.650390625,8584.25,8532.7001953125,0.0,-0.0,-6.0,-0.0,-51708.298828125
132,1364,2015-07-16,8641.75,8714.2001953125,8640.7001953125,8706.7001953125,8706.7001953125,1751800.0,8618.0498046875,8569.099609375,8625.849609375,8569.099609375,0.0,-0.0,-6.0,-0.0,-52240.201171875
133,1365,2015-07-17,8725.849609375,8740.25,8693.5,8716.0,8716.0,1723700.0,8706.7001953125,8641.75,8714.2001953125,8640.7001953125,0.0,-0.0,-6.0,-0.0,-52296.0
134,1366,2015-07-20,8730.0,8730.0,8673.849609375,8711.099609375,8711.099609375,1699500.0,8716.0,8725.849609375,8740.25,8693.5,1.0,-8711.099609375,-5.0,-8711.099609375,-43555.498046875
135,1367,2015-07-21,8713.0,8736.0,8613.0,8626.150390625,8626.150390625,2288900.0,8711.099609375,8730.0,8730.0,8673.849609375,0.0,-0.0,-5.0,-0.0,-43130.751953125
136,1368,2015-07-22,8608.75,8736.7001953125,8596.7998046875,8729.25,8729.25,1927000.0,8626.150390625,8713.0,8736.0,8613.0,0.0,-0.0,-5.0,-0.0,-43646.25
137,1369,2015-07-23,8743.849609375,8753.2998046875,8677.5498046875,8692.9501953125,8692.9501953125,1920100.0,8729.25,8608.75,8736.7001953125,8596.7998046875,0.0,-0.0,-5.0,-0.0,-43464.7509765625
138,1370,2015-07-24,8693.7001953125,8693.7001953125,8616.9501953125,8624.650390625,8624.650390625,1894800.0,8692.9501953125,8743.849609375,8753.2998046875,8677.5498046875,0.0,-0.0,-5.0,-0.0,-43123.251953125
139,1371,2015-07-27,8595.75,8595.75,8462.900390625,8470.650390625,8470.650390625,1987800.0,8624.650390625,8693.7001953125,8693.7001953125,8616.9501953125,0.0,-0.0,-5.0,-0.0,-42353.251953125
140,1372,2015-07-28,8481.849609375,8505.7001953125,8434.7001953125,8446.75,8446.75,2642100.0,8470.650390625,8595.75,8595.75,8462.900390625,0.0,-0.0,-5.0,-0.0,-42233.75
141,1373,2015-07-29,8475.25,8490.75,8452.7001953125,8485.5,8485.5,2153600.0,8446.75,8481.849609375,8505.7001953125,8434.7001953125,0.0,-0.0,-5.0,-0.0,-42427.5
142,1374,2015-07-30,8527.5498046875,8572.7998046875,8522.599609375,8535.25,8535.25,3244800.0,8485.5,8475.25,8490.75,8452.7001953125,0.0,-0.0,-5.0,-0.0,-42676.25
143,1375,2015-07-31,8568.099609375,8661.099609375,8567.5,8645.849609375,8645.849609375,3055100.0,8535.25,8527.5498046875,8572.7998046875,8522.599609375,-1.0,8645.849609375,-6.0,8645.849609375,-51875.09765625
144,1376,2015-08-03,8632.0498046875,8687.2001953125,8632.0498046875,8666.0498046875,8666.0498046875,2320500.0,8645.849609375,8568.099609375,8661.099609375,8567.5,0.0,-0.0,-6.0,-0.0,-51996.298828125
145,1377,2015-08-04,8689.7001953125,8693.7001953125,8590.599609375,8664.400390625,8664.400390625,2922600.0,8666.0498046875,8632.0498046875,8687.2001953125,8632.0498046875,0.0,-0.0,-6.0,-0.0,-51986.40234375
146,1378,2015-08-05,8699.2998046875,8745.0498046875,8699.2998046875,8720.650390625,8720.650390625,2293000.0,8664.400390625,8689.7001953125,8693.7001953125,8590.599609375,1.0,-8720.650390625,-5.0,-8720.650390625,-43603.251953125
147,1379,2015-08-06,8739.349609375,8758.5,8704.900390625,8744.5,8744.5,2199400.0,8720.650390625,8699.2998046875,8745.0498046875,8699.2998046875,0.0,-0.0,-5.0,-0.0,-43722.5
148,1380,2015-08-07,8740.150390625,8754.9501953125,8707.5,8719.099609375,8719.099609375,2199300.0,8744.5,8739.349609375,8758.5,8704.900390625,-1.0,8719.099609375,-6.0,8719.099609375,-52314.59765625
149,1381,2015-08-10,8734.849609375,8781.150390625,8662.25,8686.25,8686.25,1909400.0,8719.099609375,8740.150390625,8754.9501953125,8707.5,0.0,-0.0,-6.0,-0.0,-52117.5
150,1382,2015-08-11,8711.650390625,8711.650390625,8596.349609375,8623.7001953125,8623.7001953125,2320400.0,8686.25,8734.849609375,8781.150390625,8662.25,0.0,-0.0,-6.0,-0.0,-51742.201171875
151,1383,2015-08-12,8605.099609375,8605.099609375,8483.2998046875,8493.25,8493.25,2766100.0,8623.7001953125,8711.650390625,8711.650390625,8596.349609375,0.0,-0.0,-6.0,-0.0,-50959.5
152,1384,2015-08-13,8531.0498046875,8579.9501953125,8478.4501953125,8493.9501953125,8493.9501953125,3010400.0,8493.25,8605.099609375,8605.099609375,8483.2998046875,0.0,-0.0,-6.0,-0.0,-50963.701171875
153,1385,2015-08-14,8543.0498046875,8673.0,8521.7001953125,8661.9501953125,8661.9501953125,2581400.0,8493.9501953125,8531.0498046875,8579.9501953125,8478.4501953125,0.0,-0.0,-6.0,-0.0,-51971.701171875
154,1386,2015-08-17,8676.150390625,8678.25,8576.75,8634.5,8634.5,2709000.0,8661.9501953125,8543.0498046875,8673.0,8521.7001953125,0.0,-0.0,-6.0,-0.0,-51807.0
155,1387,2015-08-18,8667.2998046875,8687.849609375,8596.150390625,8632.099609375,8632.099609375,2317400.0,8634.5,8676.150390625,8678.25,8576.75,0.0,-0.0,-6.0,-0.0,-51792.59765625
156,1388,2015-08-19,8633.150390625,8687.400390625,8591.5,8657.7001953125,8657.7001953125,1904900.0,8632.099609375,8667.2998046875,8687.849609375,8596.150390625,0.0,-0.0,-6.0,-0.0,-51946.201171875
157,1389,2015-08-20,8638.0,8668.25,8523.2998046875,8535.099609375,8535.099609375,2667500.0,8657.7001953125,8633.150390625,8687.400390625,8591.5,0.0,-0.0,-6.0,-0.0,-51210.59765625
158,1390,2015-08-21,8464.2001953125,8484.25,8382.5498046875,8462.400390625,8462.400390625,2823700.0,8535.099609375,8638.0,8668.25,8523.2998046875,0.0,-0.0,-6.0,-0.0,-50774.40234375
159,1391,2015-08-24,8213.7998046875,8213.7998046875,7891.4501953125,7929.35009765625,7929.35009765625,4452400.0,8462.400390625,8464.2001953125,8484.25,8382.5498046875,1.0,-7929.35009765625,-5.0,-7929.35009765625,-39646.75048828125
160,1392,2015-08-25,8019.39990234375,8056.4501953125,7777.2998046875,8018.89990234375,8018.89990234375,4469100.0,7929.35009765625,8213.7998046875,8213.7998046875,7891.4501953125,0.0,-0.0,-5.0,-0.0,-40094.49951171875
161,1393,2015-08-26,8003.64990234375,8073.64990234375,7918.0,7932.89990234375,7932.89990234375,3238000.0,8018.89990234375,8019.39990234375,8056.4501953125,7777.2998046875,1.0,-7932.89990234375,-4.0,-7932.89990234375,-31731.599609375
162,1394,2015-08-27,8066.7001953125,8114.75,8007.9501953125,8102.2001953125,8102.2001953125,4520300.0,7932.89990234375,8003.64990234375,8073.64990234375,7918.0,0.0,-0.0,-4.0,-0.0,-32408.80078125
163,1395,2015-08-28,8204.7998046875,8242.150390625,8111.35009765625,8153.5498046875,8153.5498046875,2972800.0,8102.2001953125,8066.7001953125,8114.75,8007.9501953125,0.0,-0.0,-4.0,-0.0,-32614.19921875
164,1396,2015-08-31,8160.39990234375,8197.599609375,8097.0,8119.5498046875,8119.5498046875,3494900.0,8153.5498046875,8204.7998046875,8242.150390625,8111.35009765625,0.0,-0.0,-4.0,-0.0,-32478.19921875
165,1397,2015-09-01,8052.60009765625,8084.10009765625,7898.10009765625,7938.9501953125,7938.9501953125,2787300.0,8119.5498046875,8160.39990234375,8197.599609375,8097.0,0.0,-0.0,-4.0,-0.0,-31755.80078125
166,1398,2015-09-02,8009.39990234375,8009.89990234375,7854.4501953125,7869.39990234375,7869.39990234375,3076200.0,7938.9501953125,8052.60009765625,8084.10009765625,7898.10009765625,0.0,-0.0,-4.0,-0.0,-31477.599609375
167,1399,2015-09-03,7927.64990234375,7999.35009765625,7910.5,7973.39990234375,7973.39990234375,2387400.0,7869.39990234375,8009.39990234375,8009.89990234375,7854.4501953125,0.0,-0.0,-4.0,-0.0,-31893.599609375
168,1400,2015-09-04,7956.2998046875,7956.2998046875,7773.14990234375,7804.7001953125,7804.7001953125,2754800.0,7973.39990234375,7927.64990234375,7999.35009765625,7910.5,0.0,-0.0,-4.0,-0.0,-31218.80078125
169,1401,2015-09-07,7834.89990234375,7853.10009765625,7681.2001953125,7692.10009765625,7692.10009765625,2057400.0,7804.7001953125,7956.2998046875,7956.2998046875,7773.14990234375,0.0,-0.0,-4.0,-0.0,-30768.400390625
170,1402,2015-09-08,7719.9501953125,7843.85009765625,7657.60009765625,7806.9501953125,7806.9501953125,2580800.0,7692.10009765625,7834.89990234375,7853.10009765625,7681.2001953125,0.0,-0.0,-4.0,-0.0,-31227.80078125
171,1403,2015-09-09,7925.2998046875,7972.2001953125,7889.0498046875,7943.39990234375,7943.39990234375,3129400.0,7806.9501953125,7719.9501953125,7843.85009765625,7657.60009765625,0.0,-0.0,-4.0,-0.0,-31773.599609375
172,1404,2015-09-10,7852.14990234375,7954.2998046875,7798.85009765625,7924.10009765625,7924.10009765625,2557800.0,7943.39990234375,7925.2998046875,7972.2001953125,7889.0498046875,-1.0,7924.10009765625,-5.0,7924.10009765625,-39620.50048828125
173,1405,2015-09-11,7972.5,8000.2001953125,7896.9501953125,7925.2998046875,7925.2998046875,2044600.0,7924.10009765625,7852.14990234375,7954.2998046875,7798.85009765625,0.0,-0.0,-5.0,-0.0,-39626.4990234375
174,1406,2015-09-14,7952.4501953125,8022.2998046875,7907.2001953125,8016.25,8016.25,1850800.0,7925.2998046875,7972.5,8000.2001953125,7896.9501953125,0.0,-0.0,-5.0,-0.0,-40081.25
175,1407,2015-09-15,8014.14990234375,8027.25,7940.75,7968.0498046875,7968.0498046875,2007700.0,8016.25,7952.4501953125,8022.2998046875,7907.2001953125,0.0,-0.0,-5.0,-0.0,-39840.2490234375
176,1408,2015-09-16,8026.4501953125,8036.0498046875,7979.7998046875,8017.4501953125,8017.4501953125,2043800.0,7968.0498046875,8014.14990234375,8027.25,7940.75,0.0,-0.0,-5.0,-0.0,-40087.2509765625
177,1409,2015-09-18,8089.0,8173.0498046875,8079.64990234375,8098.2998046875,8098.2998046875,3524900.0,8017.4501953125,8026.4501953125,8036.0498046875,7979.7998046875,1.0,-8098.2998046875,-4.0,-8098.2998046875,-32393.19921875
178,1410,2015-09-21,8030.39990234375,8108.14990234375,8028.0498046875,8096.0,8096.0,1948000.0,8098.2998046875,8089.0,8173.0498046875,8079.64990234375,-1.0,8096.0,-5.0,8096.0,-40480.0
179,1411,2015-09-22,8135.7998046875,8141.60009765625,7914.2001953125,7937.5498046875,7937.5498046875,2627900.0,8096.0,8030.39990234375,8108.14990234375,8028.0498046875,0.0,-0.0,-5.0,-0.0,-39687.7490234375
180,1412,2015-09-23,7859.0498046875,7998.9501953125,7843.2998046875,7963.5498046875,7963.5498046875,2420500.0,7937.5498046875,8135.7998046875,8141.60009765625,7914.2001953125,0.0,-0.0,-5.0,-0.0,-39817.7490234375
181,1413,2015-09-24,7959.35009765625,8010.10009765625,7924.75,7982.9501953125,7982.9501953125,3131100.0,7963.5498046875,7859.0498046875,7998.9501953125,7843.2998046875,0.0,-0.0,-5.0,-0.0,-39914.7509765625
182,1414,2015-09-28,8009.5498046875,8009.5498046875,7904.25,7910.85009765625,7910.85009765625,1887600.0,7982.9501953125,7959.35009765625,8010.10009765625,7924.75,0.0,-0.0,-5.0,-0.0,-39554.25048828125
183,1415,2015-09-29,7839.25,8028.2001953125,7802.75,7953.25,7953.25,3270300.0,7910.85009765625,8009.5498046875,8009.5498046875,7904.25,0.0,-0.0,-5.0,-0.0,-39766.25
184,1416,2015-09-30,8032.75,8076.85009765625,7987.5498046875,8068.0,8068.0,3058600.0,7953.25,7839.25,8028.2001953125,7802.75,0.0,-0.0,-5.0,-0.0,-40340.0
185,1417,2015-10-01,8115.10009765625,8128.0,8059.14990234375,8079.25,8079.25,2331800.0,8068.0,8032.75,8076.85009765625,7987.5498046875,0.0,-0.0,-5.0,-0.0,-40396.25
186,1418,2015-10-05,8135.0498046875,8256.75,8135.0498046875,8248.7998046875,8248.7998046875,2613500.0,8079.25,8115.10009765625,8128.0,8059.14990234375,0.0,-0.0,-5.0,-0.0,-41243.9990234375
187,1419,2015-10-06,8308.849609375,8308.849609375,8228.400390625,8280.7998046875,8280.7998046875,2483200.0,8248.7998046875,8135.0498046875,8256.75,8135.0498046875,0.0,-0.0,-5.0,-0.0,-41403.9990234375
188,1420,2015-10-07,8275.7998046875,8311.7001953125,8261.2001953125,8301.900390625,8301.900390625,2881300.0,8280.7998046875,8308.849609375,8308.849609375,8228.400390625,0.0,-0.0,-5.0,-0.0,-41509.501953125
189,1421,2015-10-08,8319.900390625,8319.900390625,8222.099609375,8244.599609375,8244.599609375,2476500.0,8301.900390625,8275.7998046875,8311.7001953125,8261.2001953125,0.0,-0.0,-5.0,-0.0,-41222.998046875
190,1422,2015-10-09,8300.349609375,8340.0498046875,8249.099609375,8295.150390625,8295.150390625,2691900.0,8244.599609375,8319.900390625,8319.900390625,8222.099609375,0.0,-0.0,-5.0,-0.0,-41475.751953125
191,1423,2015-10-12,8335.900390625,8346.7001953125,8238.7001953125,8255.599609375,8255.599609375,2712400.0,8295.150390625,8300.349609375,8340.0498046875,8249.099609375,1.0,-8255.599609375,-4.0,-8255.599609375,-33022.3984375
192,1424,2015-10-13,8240.650390625,8263.849609375,8199.2998046875,8242.849609375,8242.849609375,2202000.0,8255.599609375,8335.900390625,8346.7001953125,8238.7001953125,0.0,-0.0,-4.0,-0.0,-32971.3984375
193,1425,2015-10-14,8218.849609375,8254.2001953125,8213.599609375,8223.849609375,8223.849609375,2022300.0,8242.849609375,8240.650390625,8263.849609375,8199.2998046875,-1.0,8223.849609375,-5.0,8223.849609375,-41119.248046875
194,1426,2015-10-15,8252.9501953125,8299.349609375,8252.9501953125,8287.599609375,8287.599609375,2277800.0,8223.849609375,8218.849609375,8254.2001953125,8213.599609375,-1.0,8287.599609375,-6.0,8287.599609375,-49725.59765625
195,1427,2015-10-16,8304.25,8347.2001953125,8260.400390625,8340.099609375,8340.099609375,2348600.0,8287.599609375,8252.9501953125,8299.349609375,8252.9501953125,0.0,-0.0,-6.0,-0.0,-50040.59765625
196,1428,2015-10-19,8363.4501953125,8385.5498046875,8343.25,8380.349609375,8380.349609375,1864800.0,8340.099609375,8304.25,8347.2001953125,8260.400390625,0.0,-0.0,-6.0,-0.0,-50282.09765625
197,1429,2015-10-20,8387.9501953125,8401.5498046875,8336.150390625,8369.4501953125,8369.4501953125,2276700.0,8380.349609375,8363.4501953125,8385.5498046875,8343.25,0.0,-0.0,-6.0,-0.0,-50216.701171875
198,1430,2015-10-21,8367.0,8396.849609375,8319.4501953125,8354.5,8354.5,2484000.0,8369.4501953125,8387.9501953125,8401.5498046875,8336.150390625,0.0,-0.0,-6.0,-0.0,-50127.0
199,1431,2015-10-23,8413.0498046875,8424.25,8371.7998046875,8384.849609375,8384.849609375,2309200.0,8354.5,8367.0,8396.849609375,8319.4501953125,1.0,-8384.849609375,-5.0,-8384.849609375,-41924.248046875
200,1432,2015-10-26,8421.2001953125,8421.5,8342.0498046875,8349.599609375,8349.599609375,2105200.0,8384.849609375,8413.0498046875,8424.25,8371.7998046875,0.0,-0.0,-5.0,-0.0,-41747.998046875
201,1433,2015-10-27,8323.5498046875,8336.4501953125,8313.0,8329.900390625,8329.900390625,2178900.0,8349.599609375,8421.2001953125,8421.5,8342.0498046875,0.0,-0.0,-5.0,-0.0,-41649.501953125
202,1434,2015-10-28,8290.4501953125,8311.849609375,8234.5,8273.75,8273.75,2703700.0,8329.900390625,8323.5498046875,8336.4501953125,8313.0,0.0,-0.0,-5.0,-0.0,-41368.75
203,1435,2015-10-29,8278.849609375,8279.4501953125,8203.900390625,8215.599609375,8215.599609375,3167600.0,8273.75,8290.4501953125,8311.849609375,8234.5,1.0,-8215.599609375,-4.0,-8215.599609375,-32862.3984375
204,1436,2015-10-30,8228.150390625,8254.2998046875,8156.2998046875,8175.85009765625,8175.85009765625,2812500.0,8215.599609375,8278.849609375,8279.4501953125,8203.900390625,0.0,-0.0,-4.0,-0.0,-32703.400390625
205,1437,2015-11-02,8169.5498046875,8174.64990234375,8109.2001953125,8165.4501953125,8165.4501953125,2204500.0,8175.85009765625,8228.150390625,8254.2998046875,8156.2998046875,0.0,-0.0,-4.0,-0.0,-32661.80078125
206,1438,2015-11-03,8202.7998046875,8213.9501953125,8152.2001953125,8181.35009765625,8181.35009765625,2149800.0,8165.4501953125,8169.5498046875,8174.64990234375,8109.2001953125,1.0,-8181.35009765625,-3.0,-8181.35009765625,-24544.05029296875
207,1439,2015-11-04,8224.599609375,8234.099609375,8153.7001953125,8164.89990234375,8164.89990234375,2123700.0,8181.35009765625,8202.7998046875,8213.9501953125,8152.2001953125,0.0,-0.0,-3.0,-0.0,-24494.69970703125
208,1440,2015-11-05,8155.75,8155.75,8064.89990234375,8075.14990234375,8075.14990234375,2369400.0,8164.89990234375,8224.599609375,8234.099609375,8153.7001953125,0.0,-0.0,-3.0,-0.0,-24225.44970703125
209,1441,2015-11-06,8075.60009765625,8117.2001953125,8040.2998046875,8069.60009765625,8069.60009765625,3185400.0,8075.14990234375,8155.75,8155.75,8064.89990234375,0.0,-0.0,-3.0,-0.0,-24208.80029296875
210,1442,2015-11-09,7903.7998046875,8068.39990234375,7890.85009765625,8044.4501953125,8044.4501953125,2949700.0,8069.60009765625,8075.60009765625,8117.2001953125,8040.2998046875,1.0,-8044.4501953125,-2.0,-8044.4501953125,-16088.900390625
211,1443,2015-11-10,8009.10009765625,8017.39990234375,7896.7001953125,7907.64990234375,7907.64990234375,2752800.0,8044.4501953125,7903.7998046875,8068.39990234375,7890.85009765625,0.0,-0.0,-2.0,-0.0,-15815.2998046875
212,1444,2015-11-13,7895.35009765625,7900.35009765625,7853.5498046875,7886.89990234375,7886.89990234375,2640800.0,7907.64990234375,8009.10009765625,8017.39990234375,7896.7001953125,0.0,-0.0,-2.0,-0.0,-15773.7998046875
213,1445,2015-11-16,7859.60009765625,7948.0498046875,7835.64990234375,7917.4501953125,7917.4501953125,2263300.0,7886.89990234375,7895.35009765625,7900.35009765625,7853.5498046875,1.0,-7917.4501953125,-1.0,-7917.4501953125,-7917.4501953125
214,1446,2015-11-17,7961.2998046875,7970.2001953125,7907.14990234375,7951.25,7951.25,2184800.0,7917.4501953125,7859.60009765625,7948.0498046875,7835.64990234375,0.0,-0.0,-1.0,-0.0,-7951.25
215,1447,2015-11-18,7940.2998046875,7961.0,7849.2001953125,7855.25,7855.25,2115000.0,7951.25,7961.2998046875,7970.2001953125,7907.14990234375,1.0,-7855.25,0.0,-7855.25,0.0
216,1448,2015-11-19,7910.5,7974.75,7888.64990234375,7963.89990234375,7963.89990234375,2002900.0,7855.25,7940.2998046875,7961.0,7849.2001953125,0.0,-0.0,0.0,-0.0,0.0
217,1449,2015-11-20,7966.5,8030.39990234375,7945.7998046875,7984.85009765625,7984.85009765625,2260200.0,7963.89990234375,7910.5,7974.75,7888.64990234375,0.0,-0.0,0.0,-0.0,0.0
218,1450,2015-11-23,7999.9501953125,8010.89990234375,7959.14990234375,7981.5498046875,7981.5498046875,1991800.0,7984.85009765625,7966.5,8030.39990234375,7945.7998046875,-1.0,7981.5498046875,-1.0,7981.5498046875,-7981.5498046875
219,1451,2015-11-24,7972.64990234375,8006.10009765625,7953.25,7968.60009765625,7968.60009765625,2221000.0,7981.5498046875,7999.9501953125,8010.89990234375,7959.14990234375,0.0,-0.0,-1.0,-0.0,-7968.60009765625
220,1452,2015-11-26,7976.85009765625,8026.7001953125,7976.85009765625,8014.25,8014.25,3394600.0,7968.60009765625,7972.64990234375,8006.10009765625,7953.25,1.0,-8014.25,0.0,-8014.25,0.0
221,1453,2015-11-27,8042.85009765625,8082.5498046875,8014.0,8067.89990234375,8067.89990234375,2355400.0,8014.25,7976.85009765625,8026.7001953125,7976.85009765625,0.0,-0.0,0.0,-0.0,0.0
222,1454,2015-11-30,8064.2998046875,8087.64990234375,8046.64990234375,8057.2001953125,8057.2001953125,4453500.0,8067.89990234375,8042.85009765625,8082.5498046875,8014.0,0.0,-0.0,0.0,-0.0,0.0
223,1455,2015-12-01,8083.2001953125,8099.7001953125,8063.60009765625,8087.5,8087.5,2225500.0,8057.2001953125,8064.2998046875,8087.64990234375,8046.64990234375,1.0,-8087.5,1.0,-8087.5,8087.5
224,1456,2015-12-02,8109.39990234375,8109.39990234375,8046.0,8069.0498046875,8069.0498046875,2072900.0,8087.5,8083.2001953125,8099.7001953125,8063.60009765625,-1.0,8069.0498046875,0.0,8069.0498046875,0.0
225,1457,2015-12-03,8041.0498046875,8049.85009765625,7991.85009765625,8002.2998046875,8002.2998046875,2383200.0,8069.0498046875,8109.39990234375,8109.39990234375,8046.0,0.0,-0.0,0.0,-0.0,0.0
226,1458,2015-12-04,7955.7998046875,7960.60009765625,7916.7998046875,7921.7998046875,7921.7998046875,2845900.0,8002.2998046875,8041.0498046875,8049.85009765625,7991.85009765625,0.0,-0.0,0.0,-0.0,0.0
227,1459,2015-12-07,7956.60009765625,7964.4501953125,7892.60009765625,7908.64990234375,7908.64990234375,2168600.0,7921.7998046875,7955.7998046875,7960.60009765625,7916.7998046875,0.0,-0.0,0.0,-0.0,0.0
228,1460,2015-12-08,7881.5,7915.2998046875,7827.39990234375,7842.0,7842.0,2080800.0,7908.64990234375,7956.60009765625,7964.4501953125,7892.60009765625,0.0,-0.0,0.0,-0.0,0.0
229,1461,2015-12-09,7834.7001953125,7839.14990234375,7736.89990234375,7742.25,7742.25,2217800.0,7842.0,7881.5,7915.2998046875,7827.39990234375,0.0,-0.0,0.0,-0.0,0.0
230,1462,2015-12-10,7774.2998046875,7819.9501953125,7736.5498046875,7812.5498046875,7812.5498046875,2188400.0,7742.25,7834.7001953125,7839.14990234375,7736.89990234375,0.0,-0.0,0.0,-0.0,0.0
231,1463,2015-12-11,7830.25,7830.5498046875,7707.5498046875,7740.14990234375,7740.14990234375,2527500.0,7812.5498046875,7774.2998046875,7819.9501953125,7736.5498046875,0.0,-0.0,0.0,-0.0,0.0
232,1464,2015-12-14,7691.7001953125,7794.2998046875,7685.75,7780.14990234375,7780.14990234375,2330400.0,7740.14990234375,7830.25,7830.5498046875,7707.5498046875,0.0,-0.0,0.0,-0.0,0.0
233,1465,2015-12-15,7791.0498046875,7835.64990234375,7760.35009765625,7832.0,7832.0,1996800.0,7780.14990234375,7691.7001953125,7794.2998046875,7685.75,0.0,-0.0,0.0,-0.0,0.0
234,1466,2015-12-16,7858.89990234375,7907.4501953125,7849.0,7879.5498046875,7879.5498046875,2288200.0,7832.0,7791.0498046875,7835.64990234375,7760.35009765625,0.0,-0.0,0.0,-0.0,0.0
235,1467,2015-12-17,7913.7001953125,7986.10009765625,7873.89990234375,7978.10009765625,7978.10009765625,2640700.0,7879.5498046875,7858.89990234375,7907.4501953125,7849.0,0.0,-0.0,0.0,-0.0,0.0
236,1468,2015-12-18,7963.39990234375,7973.75,7900.60009765625,7908.5,7908.5,2788400.0,7978.10009765625,7913.7001953125,7986.10009765625,7873.89990234375,0.0,-0.0,0.0,-0.0,0.0
237,1469,2015-12-21,7895.85009765625,7982.7998046875,7890.35009765625,7978.89990234375,7978.89990234375,1811500.0,7908.5,7963.39990234375,7973.75,7900.60009765625,0.0,-0.0,0.0,-0.0,0.0
238,1470,2015-12-22,7976.0498046875,7994.14990234375,7925.75,7934.0498046875,7934.0498046875,2008000.0,7978.89990234375,7895.85009765625,7982.7998046875,7890.35009765625,0.0,-0.0,0.0,-0.0,0.0
239,1471,2015-12-23,7976.60009765625,8012.7998046875,7974.60009765625,8008.64990234375,8008.64990234375,1751100.0,7934.0498046875,7976.0498046875,7994.14990234375,7925.75,0.0,-0.0,0.0,-0.0,0.0
240,1472,2015-12-24,8032.4501953125,8032.4501953125,7981.25,8005.5498046875,8005.5498046875,1568300.0,8008.64990234375,7976.60009765625,8012.7998046875,7974.60009765625,0.0,-0.0,0.0,-0.0,0.0
241,1473,2015-12-28,8009.2998046875,8074.35009765625,8009.2998046875,8064.2998046875,8064.2998046875,1723400.0,8005.5498046875,8032.4501953125,8032.4501953125,7981.25,0.0,-0.0,0.0,-0.0,0.0
242,1474,2015-12-29,8070.2001953125,8082.9501953125,8046.4501953125,8071.75,8071.75,1841000.0,8064.2998046875,8009.2998046875,8074.35009765625,8009.2998046875,0.0,-0.0,0.0,-0.0,0.0
243,1475,2015-12-30,8082.75,8084.0498046875,8034.4501953125,8039.7998046875,8039.7998046875,1654800.0,8071.75,8070.2001953125,8082.9501953125,8046.4501953125,-1.0,8039.7998046875,-1.0,8039.7998046875,-8039.7998046875
244,1476,2015-12-31,8044.39990234375,8096.14990234375,8039.2998046875,8090.89990234375,8090.89990234375,2776200.0,8039.7998046875,8082.75,8084.0498046875,8034.4501953125,0.0,-0.0,-1.0,-0.0,-8090.89990234375
245,1477,2016-01-01,8085.39990234375,8126.0,8060.89990234375,8118.14990234375,8118.14990234375,1195100.0,8090.89990234375,8044.39990234375,8096.14990234375,8039.2998046875,0.0,-0.0,-1.0,-0.0,-8118.14990234375
246,1478,2016-01-04,8082.35009765625,8101.5498046875,7948.60009765625,7957.89990234375,7957.89990234375,2292900.0,8118.14990234375,8085.39990234375,8126.0,8060.89990234375,0.0,-0.0,-1.0,-0.0,-7957.89990234375
247,1479,2016-01-05,7994.39990234375,7997.85009765625,7933.4501953125,7959.85009765625,7959.85009765625,2381800.0,7957.89990234375,8082.35009765625,8101.5498046875,7948.60009765625,0.0,-0.0,-1.0,-0.0,-7959.85009765625
248,1480,2016-01-06,7964.10009765625,7980.7001953125,7898.60009765625,7918.75,7918.75,2369900.0,7959.85009765625,7994.39990234375,7997.85009765625,7933.4501953125,0.0,-0.0,-1.0,-0.0,-7918.75
249,1481,2016-01-07,7849.39990234375,7849.39990234375,7720.2001953125,7731.64990234375,7731.64990234375,2818700.0,7918.75,7964.10009765625,7980.7001953125,7898.60009765625,0.0,-0.0,-1.0,-0.0,-7731.64990234375
250,1482,2016-01-08,7776.14990234375,7803.9501953125,7748.0498046875,7772.5498046875,7772.5498046875,2246500.0,7731.64990234375,7849.39990234375,7849.39990234375,7720.2001953125,0.0,-0.0,-1.0,-0.0,-7772.5498046875
251,1483,2016-01-11,7702.0498046875,7770.2998046875,7660.64990234375,7726.0,7726.0,2630000.0,7772.5498046875,7776.14990234375,7803.9501953125,7748.0498046875,1.0,-7726.0,0.0,-7726.0,0.0
252,1484,2016-01-12,7749.7998046875,7749.7998046875,7652.2998046875,7672.7001953125,7672.7001953125,2673900.0,7726.0,7702.0498046875,7770.2998046875,7660.64990234375,-1.0,7672.7001953125,-1.0,7672.7001953125,-7672.7001953125
253,1485,2016-01-13,7720.85009765625,7747.9501953125,7571.5,7712.4501953125,7712.4501953125,3342300.0,7672.7001953125,7749.7998046875,7749.7998046875,7652.2998046875,0.0,-0.0,-1.0,-0.0,-7712.4501953125
254,1486,2016-01-14,7615.89990234375,7746.39990234375,7587.2998046875,7679.5,7679.5,2907500.0,7712.4501953125,7720.85009765625,7747.9501953125,7571.5,1.0,-7679.5,0.0,-7679.5,0.0
255,1487,2016-01-15,7705.5498046875,7706.9501953125,7552.39990234375,7562.10009765625,7562.10009765625,2852700.0,7679.5,7615.89990234375,7746.39990234375,7587.2998046875,0.0,-0.0,0.0,-0.0,0.0
256,1488,2016-01-18,7546.60009765625,7583.75,7442.7001953125,7455.7998046875,7455.7998046875,3411400.0,7562.10009765625,7705.5498046875,7706.9501953125,7552.39990234375,0.0,-0.0,0.0,-0.0,0.0
257,1489,2016-01-19,7485.75,7568.60009765625,7466.0498046875,7542.64990234375,7542.64990234375,2761500.0,7455.7998046875,7546.60009765625,7583.75,7442.7001953125,0.0,-0.0,0.0,-0.0,0.0
258,1490,2016-01-20,7465.10009765625,7465.10009765625,7340.9501953125,7412.75,7412.75,3231500.0,7542.64990234375,7485.75,7568.60009765625,7466.0498046875,0.0,-0.0,0.0,-0.0,0.0
259,1491,2016-01-21,7482.5,7507.25,7344.9501953125,7370.14990234375,7370.14990234375,3599100.0,7412.75,7465.10009765625,7465.10009765625,7340.9501953125,0.0,-0.0,0.0,-0.0,0.0
260,1492,2016-01-22,7451.64990234375,7531.75,7422.39990234375,7520.2001953125,7520.2001953125,3240400.0,7370.14990234375,7482.5,7507.25,7344.9501953125,0.0,-0.0,0.0,-0.0,0.0
261,1493,2016-01-25,7569.5498046875,7586.7998046875,7522.5,7533.0,7533.0,2348700.0,7520.2001953125,7451.64990234375,7531.75,7422.39990234375,0.0,-0.0,0.0,-0.0,0.0
262,1494,2016-01-27,7566.0498046875,7574.0498046875,7514.7998046875,7535.14990234375,7535.14990234375,2863500.0,7533.0,7569.5498046875,7586.7998046875,7522.5,0.0,-0.0,0.0,-0.0,0.0
263,1495,2016-01-28,7523.2998046875,7561.60009765625,7511.75,7518.9501953125,7518.9501953125,3972000.0,7535.14990234375,7566.0498046875,7574.0498046875,7514.7998046875,0.0,-0.0,0.0,-0.0,0.0
264,1496,2016-01-29,7512.39990234375,7670.35009765625,7511.9501953125,7659.64990234375,7659.64990234375,4087700.0,7518.9501953125,7523.2998046875,7561.60009765625,7511.75,1.0,-7659.64990234375,1.0,-7659.64990234375,7659.64990234375
265,1497,2016-02-01,7688.35009765625,7695.5498046875,7643.0498046875,7657.7001953125,7657.7001953125,2787200.0,7659.64990234375,7512.39990234375,7670.35009765625,7511.9501953125,0.0,-0.0,1.0,-0.0,7657.7001953125
266,1498,2016-02-02,7669.60009765625,7678.5498046875,7520.9501953125,7547.75,7547.75,3239500.0,7657.7001953125,7688.35009765625,7695.5498046875,7643.0498046875,0.0,-0.0,1.0,-0.0,7547.75
267,1499,2016-02-03,7482.5,7510.39990234375,7441.5,7452.0498046875,7452.0498046875,2816500.0,7547.75,7669.60009765625,7678.5498046875,7520.9501953125,0.0,-0.0,1.0,-0.0,7452.0498046875
268,1500,2016-02-04,7507.0498046875,7546.5,7447.5498046875,7487.75,7487.75,3120900.0,7452.0498046875,7482.5,7510.39990234375,7441.5,0.0,-0.0,1.0,-0.0,7487.75
269,1501,2016-02-05,7504.85009765625,7600.75,7492.9501953125,7587.7001953125,7587.7001953125,3408000.0,7487.75,7507.0498046875,7546.5,7447.5498046875,1.0,-7587.7001953125,2.0,-7587.7001953125,15175.400390625
270,1502,2016-02-08,7591.9501953125,7617.5498046875,7477.60009765625,7497.85009765625,7497.85009765625,2508200.0,7587.7001953125,7504.85009765625,7600.75,7492.9501953125,0.0,-0.0,2.0,-0.0,14995.7001953125
271,1503,2016-02-09,7416.5498046875,7431.35009765625,7380.9501953125,7395.75,7395.75,3161100.0,7497.85009765625,7591.9501953125,7617.5498046875,7477.60009765625,0.0,-0.0,2.0,-0.0,14791.5
272,1504,2016-02-10,7364.0498046875,7369.7001953125,7270.85009765625,7309.5498046875,7309.5498046875,3600000.0,7395.75,7416.5498046875,7431.35009765625,7380.9501953125,0.0,-0.0,2.0,-0.0,14619.099609375
273,1505,2016-02-11,7296.25,7297.85009765625,7055.0,7068.85009765625,7068.85009765625,4176600.0,7309.5498046875,7364.0498046875,7369.7001953125,7270.85009765625,0.0,-0.0,2.0,-0.0,14137.7001953125
274,1506,2016-02-12,7117.2998046875,7119.60009765625,6950.39990234375,7073.0,7073.0,4786400.0,7068.85009765625,7296.25,7297.85009765625,7055.0,0.0,-0.0,2.0,-0.0,14146.0
275,1507,2016-02-15,7155.4501953125,7284.4501953125,7155.4501953125,7266.2001953125,7266.2001953125,4692900.0,7073.0,7117.2998046875,7119.60009765625,6950.39990234375,0.0,-0.0,2.0,-0.0,14532.400390625
276,1508,2016-02-16,7301.5498046875,7302.10009765625,7129.5,7138.7998046875,7138.7998046875,3516100.0,7266.2001953125,7155.4501953125,7284.4501953125,7155.4501953125,0.0,-0.0,2.0,-0.0,14277.599609375
277,1509,2016-02-17,7149.0498046875,7207.60009765625,7040.0,7194.39990234375,7194.39990234375,3754300.0,7138.7998046875,7301.5498046875,7302.10009765625,7129.5,0.0,-0.0,2.0,-0.0,14388.7998046875
278,1510,2016-02-18,7264.4501953125,7298.75,7207.0,7271.60009765625,7271.60009765625,3422400.0,7194.39990234375,7149.0498046875,7207.60009765625,7040.0,0.0,-0.0,2.0,-0.0,14543.2001953125
279,1511,2016-02-19,7251.5498046875,7301.5498046875,7227.9501953125,7288.5,7288.5,2771800.0,7271.60009765625,7264.4501953125,7298.75,7207.0,-1.0,7288.5,1.0,7288.5,7288.5
280,1512,2016-02-22,7292.35009765625,7331.25,7284.85009765625,7317.10009765625,7317.10009765625,2239400.0,7288.5,7251.5498046875,7301.5498046875,7227.9501953125,0.0,-0.0,1.0,-0.0,7317.10009765625
281,1513,2016-02-23,7324.89990234375,7324.89990234375,7187.0,7197.4501953125,7197.4501953125,2937500.0,7317.10009765625,7292.35009765625,7331.25,7284.85009765625,0.0,-0.0,1.0,-0.0,7197.4501953125
282,1514,2016-02-24,7164.0498046875,7174.2001953125,7097.25,7105.2998046875,7105.2998046875,3012400.0,7197.4501953125,7324.89990234375,7324.89990234375,7187.0,0.0,-0.0,1.0,-0.0,7105.2998046875
283,1515,2016-02-25,7117.5,7118.2998046875,7049.7998046875,7058.85009765625,7058.85009765625,4235500.0,7105.2998046875,7164.0498046875,7174.2001953125,7097.25,0.0,-0.0,1.0,-0.0,7058.85009765625
284,1516,2016-02-26,7128.5,7141.75,7071.7998046875,7117.2998046875,7117.2998046875,2902100.0,7058.85009765625,7117.5,7118.2998046875,7049.7998046875,0.0,-0.0,1.0,-0.0,7117.2998046875
285,1517,2016-02-29,7138.14990234375,7183.60009765625,6924.39990234375,7083.9501953125,7083.9501953125,6057700.0,7117.2998046875,7128.5,7141.75,7071.7998046875,1.0,-7083.9501953125,2.0,-7083.9501953125,14167.900390625
286,1518,2016-03-01,7132.0498046875,7333.7001953125,7132.0498046875,7320.7998046875,7320.7998046875,3764300.0,7083.9501953125,7138.14990234375,7183.60009765625,6924.39990234375,1.0,-7320.7998046875,3.0,-7320.7998046875,21962.3994140625
287,1519,2016-03-02,7416.9501953125,7475.0498046875,7407.2998046875,7460.85009765625,7460.85009765625,4468300.0,7320.7998046875,7132.0498046875,7333.7001953125,7132.0498046875,0.0,-0.0,3.0,-0.0,22382.55029296875
288,1520,2016-03-03,7519.2998046875,7567.85009765625,7492.25,7560.2001953125,7560.2001953125,3751000.0,7460.85009765625,7416.9501953125,7475.0498046875,7407.2998046875,0.0,-0.0,3.0,-0.0,22680.6005859375
289,1521,2016-03-04,7589.2001953125,7594.5498046875,7534.7001953125,7578.5498046875,7578.5498046875,3885500.0,7560.2001953125,7519.2998046875,7567.85009765625,7492.25,0.0,-0.0,3.0,-0.0,22735.6494140625
290,1522,2016-03-08,7579.64990234375,7624.0498046875,7537.14990234375,7580.35009765625,7580.35009765625,3603500.0,7578.5498046875,7589.2001953125,7594.5498046875,7534.7001953125,1.0,-7580.35009765625,4.0,-7580.35009765625,30321.400390625
291,1523,2016-03-09,7533.5,7629.5,7518.85009765625,7622.89990234375,7622.89990234375,3513800.0,7580.35009765625,7579.64990234375,7624.0498046875,7537.14990234375,-1.0,7622.89990234375,3.0,7622.89990234375,22868.69970703125
292,1524,2016-03-10,7637.2998046875,7638.60009765625,7545.0498046875,7579.0498046875,7579.0498046875,3096900.0,7622.89990234375,7533.5,7629.5,7518.85009765625,0.0,-0.0,3.0,-0.0,22737.1494140625
293,1525,2016-03-11,7577.2998046875,7635.64990234375,7554.7998046875,7603.10009765625,7603.10009765625,2808600.0,7579.0498046875,7637.2998046875,7638.60009765625,7545.0498046875,0.0,-0.0,3.0,-0.0,22809.30029296875
294,1526,2016-03-14,7637.5498046875,7675.4501953125,7607.2998046875,7631.0,7631.0,2371400.0,7603.10009765625,7577.2998046875,7635.64990234375,7554.7998046875,0.0,-0.0,3.0,-0.0,22893.0
295,1527,2016-03-15,7629.4501953125,7629.4501953125,7544.9501953125,7552.85009765625,7552.85009765625,2674900.0,7631.0,7637.5498046875,7675.4501953125,7607.2998046875,1.0,-7552.85009765625,4.0,-7552.85009765625,30211.400390625
296,1528,2016-03-16,7548.60009765625,7588.0,7487.25,7580.39990234375,7580.39990234375,2737000.0,7552.85009765625,7629.4501953125,7629.4501953125,7544.9501953125,0.0,-0.0,4.0,-0.0,30321.599609375
297,1529,2016-03-17,7640.7998046875,7668.14990234375,7570.64990234375,7601.75,7601.75,3338100.0,7580.39990234375,7548.60009765625,7588.0,7487.25,0.0,-0.0,4.0,-0.0,30407.0
298,1530,2016-03-18,7622.4501953125,7692.2998046875,7601.7001953125,7686.60009765625,7686.60009765625,3304400.0,7601.75,7640.7998046875,7668.14990234375,7570.64990234375,0.0,-0.0,4.0,-0.0,30746.400390625
299,1531,2016-03-21,7703.0498046875,7797.64990234375,7703.0498046875,7789.25,7789.25,2860800.0,7686.60009765625,7622.4501953125,7692.2998046875,7601.7001953125,0.0,-0.0,4.0,-0.0,31157.0
300,1532,2016-03-22,7784.2998046875,7814.2998046875,7732.75,7803.10009765625,7803.10009765625,3027300.0,7789.25,7703.0498046875,7797.64990234375,7703.0498046875,0.0,-0.0,4.0,-0.0,31212.400390625
301,1533,2016-03-23,7806.2001953125,7815.64990234375,7762.0498046875,7806.2998046875,7806.2998046875,2801700.0,7803.10009765625,7784.2998046875,7814.2998046875,7732.75,-1.0,7806.2998046875,3.0,7806.2998046875,23418.8994140625
302,1534,2016-03-28,7829.75,7830.14990234375,7676.5,7701.89990234375,7701.89990234375,3241900.0,7806.2998046875,7806.2001953125,7815.64990234375,7762.0498046875,-1.0,7701.89990234375,2.0,7701.89990234375,15403.7998046875
303,1535,2016-03-29,7692.7998046875,7737.7998046875,7664.9501953125,7686.0498046875,7686.0498046875,3008200.0,7701.89990234375,7829.75,7830.14990234375,7676.5,0.0,-0.0,2.0,-0.0,15372.099609375
304,1536,2016-03-30,7739.0498046875,7828.9501953125,7733.85009765625,7822.89990234375,7822.89990234375,3227500.0,7686.0498046875,7692.7998046875,7737.7998046875,7664.9501953125,1.0,-7822.89990234375,3.0,-7822.89990234375,23468.69970703125
305,1537,2016-03-31,7818.5498046875,7859.14990234375,7792.14990234375,7832.14990234375,7832.14990234375,5382200.0,7822.89990234375,7739.0498046875,7828.9501953125,7733.85009765625,0.0,-0.0,3.0,-0.0,23496.44970703125
306,1538,2016-04-01,7812.35009765625,7836.7001953125,7764.85009765625,7810.7001953125,7810.7001953125,2930300.0,7832.14990234375,7818.5498046875,7859.14990234375,7792.14990234375,-1.0,7810.7001953125,2.0,7810.7001953125,15621.400390625
307,1539,2016-04-04,7833.2001953125,7858.35009765625,7802.5498046875,7853.10009765625,7853.10009765625,2484000.0,7810.7001953125,7812.35009765625,7836.7001953125,7764.85009765625,1.0,-7853.10009765625,3.0,-7853.10009765625,23559.30029296875
308,1540,2016-04-05,7830.0498046875,7830.0498046875,7689.39990234375,7701.7001953125,7701.7001953125,3136200.0,7853.10009765625,7833.2001953125,7858.35009765625,7802.5498046875,0.0,-0.0,3.0,-0.0,23105.1005859375
309,1541,2016-04-06,7732.10009765625,7732.7998046875,7690.4501953125,7718.4501953125,7718.4501953125,2754600.0,7701.7001953125,7830.0498046875,7830.0498046875,7689.39990234375,0.0,-0.0,3.0,-0.0,23155.3505859375
310,1542,2016-04-07,7736.10009765625,7736.10009765625,7644.60009765625,7655.10009765625,7655.10009765625,3258400.0,7718.4501953125,7732.10009765625,7732.7998046875,7690.4501953125,0.0,-0.0,3.0,-0.0,22965.30029296875
311,1543,2016-04-08,7650.9501953125,7678.25,7635.60009765625,7668.39990234375,7668.39990234375,2238800.0,7655.10009765625,7736.10009765625,7736.10009765625,7644.60009765625,0.0,-0.0,3.0,-0.0,23005.19970703125
312,1544,2016-04-11,7689.85009765625,7785.14990234375,7633.4501953125,7778.60009765625,7778.60009765625,2784500.0,7668.39990234375,7650.9501953125,7678.25,7635.60009765625,0.0,-0.0,3.0,-0.0,23335.80029296875
313,1545,2016-04-12,7779.39990234375,7827.64990234375,7774.85009765625,7819.39990234375,7819.39990234375,2574700.0,7778.60009765625,7689.85009765625,7785.14990234375,7633.4501953125,0.0,-0.0,3.0,-0.0,23458.19970703125
314,1546,2016-04-13,7887.35009765625,7968.7001953125,7887.35009765625,7954.60009765625,7954.60009765625,3482700.0,7819.39990234375,7779.39990234375,7827.64990234375,7774.85009765625,0.0,-0.0,3.0,-0.0,23863.80029296875
315,1547,2016-04-18,8004.89990234375,8027.75,7948.7001953125,8022.2998046875,8022.2998046875,2886000.0,7954.60009765625,7887.35009765625,7968.7001953125,7887.35009765625,0.0,-0.0,3.0,-0.0,24066.8994140625
316,1548,2016-04-20,8056.85009765625,8056.85009765625,7988.7001953125,8023.9501953125,8023.9501953125,3505000.0,8022.2998046875,8004.89990234375,8027.75,7948.7001953125,-1.0,8023.9501953125,2.0,8023.9501953125,16047.900390625
317,1549,2016-04-21,8063.2001953125,8086.64990234375,7993.64990234375,8021.25,8021.25,3534300.0,8023.9501953125,8056.85009765625,8056.85009765625,7988.7001953125,0.0,-0.0,2.0,-0.0,16042.5
318,1550,2016-04-22,8003.2998046875,8035.4501953125,7986.7001953125,8012.14990234375,8012.14990234375,3048400.0,8021.25,8063.2001953125,8086.64990234375,7993.64990234375,0.0,-0.0,2.0,-0.0,16024.2998046875
319,1551,2016-04-25,8007.39990234375,8020.85009765625,7940.14990234375,7966.39990234375,7966.39990234375,2377200.0,8012.14990234375,8003.2998046875,8035.4501953125,7986.7001953125,-1.0,7966.39990234375,1.0,7966.39990234375,7966.39990234375
320,1552,2016-04-26,7942.0498046875,8077.14990234375,7934.64990234375,8066.25,8066.25,3152800.0,7966.39990234375,8007.39990234375,8020.85009765625,7940.14990234375,0.0,-0.0,1.0,-0.0,8066.25
321,1553,2016-04-27,8048.75,8097.10009765625,8048.39990234375,8084.75,8084.75,3470700.0,8066.25,7942.0498046875,8077.14990234375,7934.64990234375,0.0,-0.0,1.0,-0.0,8084.75
322,1554,2016-04-28,8075.5,8098.5498046875,7945.2001953125,7956.2001953125,7956.2001953125,4710600.0,8084.75,8048.75,8097.10009765625,8048.39990234375,0.0,-0.0,1.0,-0.0,7956.2001953125
323,1555,2016-04-29,7954.75,7999.2001953125,7899.60009765625,7963.64990234375,7963.64990234375,4260300.0,7956.2001953125,8075.5,8098.5498046875,7945.2001953125,0.0,-0.0,1.0,-0.0,7963.64990234375
324,1556,2016-05-02,7939.89990234375,7960.0498046875,7909.0498046875,7945.25,7945.25,3297300.0,7963.64990234375,7954.75,7999.2001953125,7899.60009765625,-1.0,7945.25,0.0,7945.25,0.0
325,1557,2016-05-03,7965.89990234375,8024.7998046875,7872.10009765625,7882.25,7882.25,3112000.0,7945.25,7939.89990234375,7960.0498046875,7909.0498046875,-1.0,7882.25,-1.0,7882.25,-7882.25
326,1558,2016-05-04,7858.0,7877.85009765625,7818.35009765625,7828.14990234375,7828.14990234375,3170800.0,7882.25,7965.89990234375,8024.7998046875,7872.10009765625,0.0,-0.0,-1.0,-0.0,-7828.14990234375
327,1559,2016-05-05,7852.10009765625,7895.64990234375,7824.75,7854.75,7854.75,2967700.0,7828.14990234375,7858.0,7877.85009765625,7818.35009765625,0.0,-0.0,-1.0,-0.0,-7854.75
328,1560,2016-05-06,7839.85009765625,7864.0498046875,7803.0498046875,7859.4501953125,7859.4501953125,2588200.0,7854.75,7852.10009765625,7895.64990234375,7824.75,-1.0,7859.4501953125,-2.0,7859.4501953125,-15718.900390625
329,1561,2016-05-09,7882.7001953125,7991.0,7882.7001953125,7982.7998046875,7982.7998046875,2380000.0,7859.4501953125,7839.85009765625,7864.0498046875,7803.0498046875,0.0,-0.0,-2.0,-0.0,-15965.599609375
330,1562,2016-05-10,7990.64990234375,8012.75,7956.85009765625,8001.9501953125,8001.9501953125,2481700.0,7982.7998046875,7882.7001953125,7991.0,7882.7001953125,0.0,-0.0,-2.0,-0.0,-16003.900390625
331,1563,2016-05-11,7918.64990234375,8010.64990234375,7895.9501953125,7969.5498046875,7969.5498046875,3493500.0,8001.9501953125,7990.64990234375,8012.75,7956.85009765625,-1.0,7969.5498046875,-3.0,7969.5498046875,-23908.6494140625
332,1564,2016-05-12,7992.60009765625,8036.25,7976.60009765625,8026.39990234375,8026.39990234375,2424700.0,7969.5498046875,7918.64990234375,8010.64990234375,7895.9501953125,0.0,-0.0,-3.0,-0.0,-24079.19970703125
333,1565,2016-05-13,8008.2998046875,8012.5498046875,7917.75,7941.5,7941.5,2808600.0,8026.39990234375,7992.60009765625,8036.25,7976.60009765625,0.0,-0.0,-3.0,-0.0,-23824.5
334,1566,2016-05-16,7958.75,7992.5498046875,7899.7998046875,7979.9501953125,7979.9501953125,2966000.0,7941.5,8008.2998046875,8012.5498046875,7917.75,0.0,-0.0,-3.0,-0.0,-23939.8505859375
335,1567,2016-05-17,8016.0,8055.25,7997.0498046875,8006.5,8006.5,2888800.0,7979.9501953125,7958.75,7992.5498046875,7899.7998046875,-1.0,8006.5,-4.0,8006.5,-32026.0
336,1568,2016-05-18,7965.25,8000.25,7929.64990234375,7989.0498046875,7989.0498046875,2902800.0,8006.5,8016.0,8055.25,7997.0498046875,1.0,-7989.0498046875,-3.0,-7989.0498046875,-23967.1494140625
337,1569,2016-05-19,7994.7998046875,7994.7998046875,7885.0,7900.2001953125,7900.2001953125,2787200.0,7989.0498046875,7965.25,8000.25,7929.64990234375,0.0,-0.0,-3.0,-0.0,-23700.6005859375
338,1570,2016-05-20,7911.5,7929.2001953125,7849.7001953125,7863.35009765625,7863.35009765625,2478800.0,7900.2001953125,7994.7998046875,7994.7998046875,7885.0,0.0,-0.0,-3.0,-0.0,-23590.05029296875
339,1571,2016-05-23,7924.85009765625,7925.85009765625,7838.0498046875,7844.60009765625,7844.60009765625,2466200.0,7863.35009765625,7911.5,7929.2001953125,7849.7001953125,0.0,-0.0,-3.0,-0.0,-23533.80029296875
340,1572,2016-05-24,7852.35009765625,7868.89990234375,7825.5,7857.0,7857.0,2564500.0,7844.60009765625,7924.85009765625,7925.85009765625,7838.0498046875,0.0,-0.0,-3.0,-0.0,-23571.0
341,1573,2016-05-25,7919.60009765625,8036.4501953125,7919.39990234375,8029.85009765625,8029.85009765625,3070800.0,7857.0,7852.35009765625,7868.89990234375,7825.5,-1.0,8029.85009765625,-4.0,8029.85009765625,-32119.400390625
342,1574,2016-05-26,8066.5,8170.64990234375,8042.5,8159.0498046875,8159.0498046875,4391500.0,8029.85009765625,7919.60009765625,8036.4501953125,7919.39990234375,0.0,-0.0,-4.0,-0.0,-32636.19921875
343,1575,2016-05-27,8173.5,8260.7001953125,8173.5,8251.900390625,8251.900390625,4006800.0,8159.0498046875,8066.5,8170.64990234375,8042.5,0.0,-0.0,-4.0,-0.0,-33007.6015625
344,1576,2016-05-30,8265.150390625,8297.0,8245.75,8276.099609375,8276.099609375,3720300.0,8251.900390625,8173.5,8260.7001953125,8173.5,0.0,-0.0,-4.0,-0.0,-33104.3984375
345,1577,2016-05-31,8305.4501953125,8305.4501953125,8230.0498046875,8254.7998046875,8254.7998046875,8092000.0,8276.099609375,8265.150390625,8297.0,8245.75,-1.0,8254.7998046875,-5.0,8254.7998046875,-41273.9990234375
346,1578,2016-06-01,8275.0498046875,8312.900390625,8264.349609375,8272.599609375,8272.599609375,3663800.0,8254.7998046875,8305.4501953125,8305.4501953125,8230.0498046875,0.0,-0.0,-5.0,-0.0,-41362.998046875
347,1579,2016-06-02,8252.5498046875,8324.7998046875,8249.25,8314.400390625,8314.400390625,3109300.0,8272.599609375,8275.0498046875,8312.900390625,8264.349609375,1.0,-8314.400390625,-4.0,-8314.400390625,-33257.6015625
348,1580,2016-06-03,8342.5498046875,8359.4501953125,8307.5498046875,8316.400390625,8316.400390625,5093600.0,8314.400390625,8252.5498046875,8324.7998046875,8249.25,0.0,-0.0,-4.0,-0.0,-33265.6015625
349,1581,2016-06-06,8323.5,8331.099609375,8278.400390625,8292.4501953125,8292.4501953125,2645100.0,8316.400390625,8342.5498046875,8359.4501953125,8307.5498046875,0.0,-0.0,-4.0,-0.0,-33169.80078125
350,1582,2016-06-07,8327.099609375,8381.75,8309.2998046875,8354.2001953125,8354.2001953125,3478700.0,8292.4501953125,8323.5,8331.099609375,8278.400390625,0.0,-0.0,-4.0,-0.0,-33416.80078125
351,1583,2016-06-08,8373.349609375,8374.2998046875,8344.2998046875,8366.25,8366.25,2821000.0,8354.2001953125,8327.099609375,8381.75,8309.2998046875,0.0,-0.0,-4.0,-0.0,-33465.0
352,1584,2016-06-09,8369.650390625,8369.650390625,8285.150390625,8302.900390625,8302.900390625,2991800.0,8366.25,8373.349609375,8374.2998046875,8344.2998046875,1.0,-8302.900390625,-3.0,-8302.900390625,-24908.701171875
353,1585,2016-06-10,8285.099609375,8360.900390625,8261.2998046875,8267.4501953125,8267.4501953125,2958100.0,8302.900390625,8369.650390625,8369.650390625,8285.150390625,0.0,-0.0,-3.0,-0.0,-24802.3505859375
354,1586,2016-06-13,8199.9501953125,8219.849609375,8160.14990234375,8207.4501953125,8207.4501953125,2564700.0,8267.4501953125,8285.099609375,8360.900390625,8261.2998046875,1.0,-8207.4501953125,-2.0,-8207.4501953125,-16414.900390625
355,1587,2016-06-14,8230.4501953125,8230.4501953125,8168.7001953125,8208.7001953125,8208.7001953125,2455800.0,8207.4501953125,8199.9501953125,8219.849609375,8160.14990234375,-1.0,8208.7001953125,-3.0,8208.7001953125,-24626.1005859375
356,1588,2016-06-15,8239.2998046875,8308.400390625,8224.099609375,8301.4501953125,8301.4501953125,2704300.0,8208.7001953125,8230.4501953125,8230.4501953125,8168.7001953125,0.0,-0.0,-3.0,-0.0,-24904.3505859375
357,1589,2016-06-16,8279.099609375,8279.099609375,8176.39990234375,8243.650390625,8243.650390625,3220500.0,8301.4501953125,8239.2998046875,8308.400390625,8224.099609375,0.0,-0.0,-3.0,-0.0,-24730.951171875
358,1590,2016-06-17,8280.5498046875,8297.150390625,8235.650390625,8268.900390625,8268.900390625,2865900.0,8243.650390625,8279.099609375,8279.099609375,8176.39990234375,0.0,-0.0,-3.0,-0.0,-24806.701171875
359,1591,2016-06-20,8214.4501953125,8339.4501953125,8206.5498046875,8334.2998046875,8334.2998046875,2916200.0,8268.900390625,8280.5498046875,8297.150390625,8235.650390625,1.0,-8334.2998046875,-2.0,-8334.2998046875,-16668.599609375
360,1592,2016-06-21,8351.650390625,8351.650390625,8306.9501953125,8321.150390625,8321.150390625,2554700.0,8334.2998046875,8214.4501953125,8339.4501953125,8206.5498046875,0.0,-0.0,-2.0,-0.0,-16642.30078125
361,1593,2016-06-22,8316.25,8339.400390625,8259.2998046875,8307.4501953125,8307.4501953125,2329900.0,8321.150390625,8351.650390625,8351.650390625,8306.9501953125,0.0,-0.0,-2.0,-0.0,-16614.900390625
362,1594,2016-06-23,8306.599609375,8379.2001953125,8288.099609375,8366.349609375,8366.349609375,2665400.0,8307.4501953125,8316.25,8339.400390625,8259.2998046875,1.0,-8366.349609375,-1.0,-8366.349609375,-8366.349609375
363,1595,2016-06-24,8130.9501953125,8201.4501953125,8025.14990234375,8192.849609375,8192.849609375,4977500.0,8366.349609375,8306.599609375,8379.2001953125,8288.099609375,0.0,-0.0,-1.0,-0.0,-8192.849609375
364,1596,2016-06-27,8148.60009765625,8234.7001953125,8148.60009765625,8210.25,8210.25,2651200.0,8192.849609375,8130.9501953125,8201.4501953125,8025.14990234375,0.0,-0.0,-1.0,-0.0,-8210.25
365,1597,2016-06-28,8215.599609375,8263.4501953125,8213.599609375,8248.4501953125,8248.4501953125,2700600.0,8210.25,8148.60009765625,8234.7001953125,8148.60009765625,0.0,-0.0,-1.0,-0.0,-8248.4501953125
366,1598,2016-06-29,8293.0498046875,8334.7001953125,8282.2998046875,8326.7001953125,8326.7001953125,2835300.0,8248.4501953125,8215.599609375,8263.4501953125,8213.599609375,0.0,-0.0,-1.0,-0.0,-8326.7001953125
367,1599,2016-06-30,8381.9501953125,8430.150390625,8367.650390625,8416.2001953125,8416.2001953125,4766800.0,8326.7001953125,8293.0498046875,8334.7001953125,8282.2998046875,0.0,-0.0,-1.0,-0.0,-8416.2001953125
368,1600,2016-07-01,8442.7998046875,8491.0498046875,8442.7998046875,8469.849609375,8469.849609375,2886300.0,8416.2001953125,8381.9501953125,8430.150390625,8367.650390625,0.0,-0.0,-1.0,-0.0,-8469.849609375
369,1601,2016-07-04,8518.0,8543.0498046875,8510.25,8516.599609375,8516.599609375,2838900.0,8469.849609375,8442.7998046875,8491.0498046875,8442.7998046875,0.0,-0.0,-1.0,-0.0,-8516.599609375
370,1602,2016-07-05,8523.75,8523.75,8467.0498046875,8485.5,8485.5,2764900.0,8516.599609375,8518.0,8543.0498046875,8510.25,1.0,-8485.5,0.0,-8485.5,0.0
371,1603,2016-07-07,8492.2001953125,8508.75,8468.349609375,8485.599609375,8485.599609375,2952100.0,8485.5,8523.75,8523.75,8467.0498046875,0.0,-0.0,0.0,-0.0,0.0
372,1604,2016-07-08,8499.0,8499.0,8437.099609375,8476.0498046875,8476.0498046875,2609700.0,8485.599609375,8492.2001953125,8508.75,8468.349609375,1.0,-8476.0498046875,1.0,-8476.0498046875,8476.0498046875
373,1605,2016-07-11,8565.9501953125,8629.2001953125,8562.349609375,8622.2001953125,8622.2001953125,2857100.0,8476.0498046875,8499.0,8499.0,8437.099609375,0.0,-0.0,1.0,-0.0,8622.2001953125
374,1606,2016-07-12,8656.650390625,8683.400390625,8635.5498046875,8678.650390625,8678.650390625,3394600.0,8622.2001953125,8565.9501953125,8629.2001953125,8562.349609375,0.0,-0.0,1.0,-0.0,8678.650390625
375,1607,2016-07-13,8698.599609375,8703.900390625,8649.150390625,8671.7001953125,8671.7001953125,4021400.0,8678.650390625,8656.650390625,8683.400390625,8635.5498046875,0.0,-0.0,1.0,-0.0,8671.7001953125
376,1608,2016-07-14,8670.599609375,8720.9501953125,8658.0,8716.7001953125,8716.7001953125,2944000.0,8671.7001953125,8698.599609375,8703.900390625,8649.150390625,0.0,-0.0,1.0,-0.0,8716.7001953125
377,1609,2016-07-15,8722.9501953125,8752.849609375,8674.7998046875,8700.099609375,8700.099609375,3684100.0,8716.7001953125,8670.599609375,8720.9501953125,8658.0,0.0,-0.0,1.0,-0.0,8700.099609375
378,1610,2016-07-18,8723.75,8743.5,8649.75,8662.5498046875,8662.5498046875,2771400.0,8700.099609375,8722.9501953125,8752.849609375,8674.7998046875,0.0,-0.0,1.0,-0.0,8662.5498046875
379,1611,2016-07-19,8669.400390625,8695.2001953125,8628.400390625,8684.349609375,8684.349609375,3052000.0,8662.5498046875,8723.75,8743.5,8649.75,0.0,-0.0,1.0,-0.0,8684.349609375
380,1612,2016-07-20,8675.4501953125,8730.650390625,8675.4501953125,8727.099609375,8727.099609375,2937000.0,8684.349609375,8669.400390625,8695.2001953125,8628.400390625,-1.0,8727.099609375,0.0,8727.099609375,0.0
381,1613,2016-07-21,8749.75,8750.400390625,8675.2001953125,8680.849609375,8680.849609375,3033800.0,8727.099609375,8675.4501953125,8730.650390625,8675.4501953125,0.0,-0.0,0.0,-0.0,0.0
382,1614,2016-07-22,8692.7998046875,8729.2001953125,8661.900390625,8725.2998046875,8725.2998046875,3174400.0,8680.849609375,8749.75,8750.400390625,8675.2001953125,0.0,-0.0,0.0,-0.0,0.0
383,1615,2016-07-25,8711.2998046875,8825.5498046875,8711.0498046875,8821.5498046875,8821.5498046875,3223000.0,8725.2998046875,8692.7998046875,8729.2001953125,8661.900390625,0.0,-0.0,0.0,-0.0,0.0
384,1616,2016-07-26,8822.2998046875,8838.900390625,8768.2998046875,8781.5,8781.5,3020700.0,8821.5498046875,8711.2998046875,8825.5498046875,8711.0498046875,0.0,-0.0,0.0,-0.0,0.0
385,1617,2016-07-27,8794.150390625,8852.7001953125,8763.400390625,8811.75,8811.75,3239000.0,8781.5,8822.2998046875,8838.900390625,8768.2998046875,0.0,-0.0,0.0,-0.0,0.0
386,1618,2016-07-28,8831.849609375,8868.9501953125,8820.25,8860.5,8860.5,4403200.0,8811.75,8794.150390625,8852.7001953125,8763.400390625,-1.0,8860.5,-1.0,8860.5,-8860.5
387,1619,2016-07-29,8865.150390625,8874.5,8832.650390625,8839.0,8839.0,3062600.0,8860.5,8831.849609375,8868.9501953125,8820.25,0.0,-0.0,-1.0,-0.0,-8839.0
388,1620,2016-08-01,8859.25,8917.4501953125,8790.349609375,8841.4501953125,8841.4501953125,3392300.0,8839.0,8865.150390625,8874.5,8832.650390625,0.0,-0.0,-1.0,-0.0,-8841.4501953125
389,1621,2016-08-02,8855.25,8892.2998046875,8811.2001953125,8819.9501953125,8819.9501953125,3178700.0,8841.4501953125,8859.25,8917.4501953125,8790.349609375,1.0,-8819.9501953125,0.0,-8819.9501953125,0.0
390,1622,2016-08-03,8834.650390625,8834.650390625,8713.150390625,8727.9501953125,8727.9501953125,2826200.0,8819.9501953125,8855.25,8892.2998046875,8811.2001953125,0.0,-0.0,0.0,-0.0,0.0
391,1623,2016-08-04,8785.25,8787.349609375,8701.900390625,8741.849609375,8741.849609375,2879400.0,8727.9501953125,8834.650390625,8834.650390625,8713.150390625,0.0,-0.0,0.0,-0.0,0.0
392,1624,2016-08-05,8792.150390625,8887.5,8789.7001953125,8881.900390625,8881.900390625,2979000.0,8741.849609375,8785.25,8787.349609375,8701.900390625,0.0,-0.0,0.0,-0.0,0.0
393,1625,2016-08-08,8914.25,8931.7998046875,8898.099609375,8921.0,8921.0,2857500.0,8881.900390625,8792.150390625,8887.5,8789.7001953125,0.0,-0.0,0.0,-0.0,0.0
394,1626,2016-08-09,8937.5498046875,8938.0498046875,8844.9501953125,8883.650390625,8883.650390625,3128700.0,8921.0,8914.25,8931.7998046875,8898.099609375,-1.0,8883.650390625,-1.0,8883.650390625,-8883.650390625
395,1627,2016-08-10,8892.5,8894.650390625,8760.7998046875,8771.400390625,8771.400390625,3076700.0,8883.650390625,8937.5498046875,8938.0498046875,8844.9501953125,0.0,-0.0,-1.0,-0.0,-8771.400390625
396,1628,2016-08-11,8770.0,8798.849609375,8727.5,8789.7001953125,8789.7001953125,3143200.0,8771.400390625,8892.5,8894.650390625,8760.7998046875,0.0,-0.0,-1.0,-0.0,-8789.7001953125
397,1629,2016-08-12,8802.849609375,8881.849609375,8802.849609375,8871.5,8871.5,3872700.0,8789.7001953125,8770.0,8798.849609375,8727.5,0.0,-0.0,-1.0,-0.0,-8871.5
398,1630,2016-08-16,8873.900390625,8890.2001953125,8809.2001953125,8853.0498046875,8853.0498046875,3433300.0,8871.5,8802.849609375,8881.849609375,8802.849609375,0.0,-0.0,-1.0,-0.0,-8853.0498046875
399,1631,2016-08-17,8851.849609375,8883.849609375,8821.75,8846.849609375,8846.849609375,2928400.0,8853.0498046875,8873.900390625,8890.2001953125,8809.2001953125,0.0,-0.0,-1.0,-0.0,-8846.849609375
400,1632,2016-08-18,8871.4501953125,8908.900390625,8871.4501953125,8894.849609375,8894.849609375,2739900.0,8846.849609375,8851.849609375,8883.849609375,8821.75,1.0,-8894.849609375,0.0,-8894.849609375,0.0
401,1633,2016-08-19,8916.900390625,8916.900390625,8871.25,8893.0,8893.0,3300700.0,8894.849609375,8871.4501953125,8908.900390625,8871.4501953125,0.0,-0.0,0.0,-0.0,0.0
402,1634,2016-08-22,8893.4501953125,8910.4501953125,8837.7998046875,8851.9501953125,8851.9501953125,2551700.0,8893.0,8916.900390625,8916.900390625,8871.25,0.0,-0.0,0.0,-0.0,0.0
403,1635,2016-08-23,8850.900390625,8854.25,8793.9501953125,8846.5498046875,8846.5498046875,2953400.0,8851.9501953125,8893.4501953125,8910.4501953125,8837.7998046875,0.0,-0.0,0.0,-0.0,0.0
404,1636,2016-08-24,8862.75,8884.349609375,8846.25,8874.5498046875,8874.5498046875,2409300.0,8846.5498046875,8850.900390625,8854.25,8793.9501953125,1.0,-8874.5498046875,1.0,-8874.5498046875,8874.5498046875
405,1637,2016-08-25,8894.25,8909.400390625,8809.2001953125,8816.7001953125,8816.7001953125,3468100.0,8874.5498046875,8862.75,8884.349609375,8846.25,0.0,-0.0,1.0,-0.0,8816.7001953125
406,1638,2016-08-26,8840.349609375,8851.9501953125,8779.25,8803.900390625,8803.900390625,2599000.0,8816.7001953125,8894.25,8909.400390625,8809.2001953125,0.0,-0.0,1.0,-0.0,8803.900390625
407,1639,2016-08-29,8814.650390625,8847.5498046875,8773.099609375,8835.150390625,8835.150390625,2288600.0,8803.900390625,8840.349609375,8851.9501953125,8779.25,0.0,-0.0,1.0,-0.0,8835.150390625
408,1640,2016-08-30,8874.2001953125,8967.150390625,8873.400390625,8962.5498046875,8962.5498046875,2426100.0,8835.150390625,8814.650390625,8847.5498046875,8773.099609375,0.0,-0.0,1.0,-0.0,8962.5498046875
409,1641,2016-08-31,8975.349609375,9037.2998046875,8975.349609375,9000.5,9000.5,5075900.0,8962.5498046875,8874.2001953125,8967.150390625,8873.400390625,0.0,-0.0,1.0,-0.0,9000.5
410,1642,2016-09-01,9009.2998046875,9029.0,8971.4501953125,8987.7998046875,8987.7998046875,3938500.0,9000.5,8975.349609375,9037.2998046875,8975.349609375,0.0,-0.0,1.0,-0.0,8987.7998046875
411,1643,2016-09-02,9008.099609375,9035.5,8981.4501953125,9022.25,9022.25,2999700.0,8987.7998046875,9009.2998046875,9029.0,8971.4501953125,0.0,-0.0,1.0,-0.0,9022.25
412,1644,2016-09-06,9065.9501953125,9167.5,9065.9501953125,9160.4501953125,9160.4501953125,2984700.0,9022.25,9008.099609375,9035.5,8981.4501953125,0.0,-0.0,1.0,-0.0,9160.4501953125
413,1645,2016-09-07,9187.0498046875,9188.150390625,9137.0498046875,9142.5498046875,9142.5498046875,4574700.0,9160.4501953125,9065.9501953125,9167.5,9065.9501953125,0.0,-0.0,1.0,-0.0,9142.5498046875
414,1646,2016-09-08,9144.150390625,9184.7001953125,9125.2001953125,9177.900390625,9177.900390625,3555600.0,9142.5498046875,9187.0498046875,9188.150390625,9137.0498046875,0.0,-0.0,1.0,-0.0,9177.900390625
415,1647,2016-09-09,9163.75,9163.75,9082.2001953125,9090.75,9090.75,3177700.0,9177.900390625,9144.150390625,9184.7001953125,9125.2001953125,0.0,-0.0,1.0,-0.0,9090.75
416,1648,2016-09-12,8954.400390625,8966.2998046875,8903.400390625,8918.9501953125,8918.9501953125,3323300.0,9090.75,9163.75,9163.75,9082.2001953125,0.0,-0.0,1.0,-0.0,8918.9501953125
417,1649,2016-09-14,8920.9501953125,8953.75,8897.9501953125,8943.5498046875,8943.5498046875,3171000.0,8918.9501953125,8954.400390625,8966.2998046875,8903.400390625,0.0,-0.0,1.0,-0.0,8943.5498046875
418,1650,2016-09-15,8961.2001953125,8965.25,8914.349609375,8950.599609375,8950.599609375,2936700.0,8943.5498046875,8920.9501953125,8953.75,8897.9501953125,0.0,-0.0,1.0,-0.0,8950.599609375
419,1651,2016-09-16,8991.9501953125,9060.2001953125,8956.0498046875,8986.25,8986.25,4547900.0,8950.599609375,8961.2001953125,8965.25,8914.349609375,1.0,-8986.25,2.0,-8986.25,17972.5
420,1652,2016-09-19,8997.900390625,9029.650390625,8980.900390625,9015.0498046875,9015.0498046875,2401500.0,8986.25,8991.9501953125,9060.2001953125,8956.0498046875,1.0,-9015.0498046875,3.0,-9015.0498046875,27045.1494140625
421,1653,2016-09-20,9023.4501953125,9024.900390625,8970.650390625,8987.2998046875,8987.2998046875,2413600.0,9015.0498046875,8997.900390625,9029.650390625,8980.900390625,0.0,-0.0,3.0,-0.0,26961.8994140625
422,1654,2016-09-21,9002.9501953125,9038.150390625,8969.150390625,8987.4501953125,8987.4501953125,2393600.0,8987.2998046875,9023.4501953125,9024.900390625,8970.650390625,0.0,-0.0,3.0,-0.0,26962.3505859375
423,1655,2016-09-22,9083.650390625,9104.349609375,9046.4501953125,9083.900390625,9083.900390625,2779900.0,8987.4501953125,9002.9501953125,9038.150390625,8969.150390625,1.0,-9083.900390625,4.0,-9083.900390625,36335.6015625
424,1656,2016-09-23,9098.25,9101.7998046875,9044.5498046875,9054.75,9054.75,3079900.0,9083.900390625,9083.650390625,9104.349609375,9046.4501953125,-1.0,9054.75,3.0,9054.75,27164.25
425,1657,2016-09-26,9034.0498046875,9034.849609375,8947.599609375,8956.400390625,8956.400390625,2701900.0,9054.75,9098.25,9101.7998046875,9044.5498046875,0.0,-0.0,3.0,-0.0,26869.201171875
426,1658,2016-09-27,8983.650390625,9003.2998046875,8923.5498046875,8940.5,8940.5,2484700.0,8956.400390625,9034.0498046875,9034.849609375,8947.599609375,0.0,-0.0,3.0,-0.0,26821.5
427,1659,2016-09-28,8947.5498046875,9004.400390625,8938.75,8983.7998046875,8983.7998046875,2847800.0,8940.5,8983.650390625,9003.2998046875,8923.5498046875,0.0,-0.0,3.0,-0.0,26951.3994140625
428,1660,2016-09-29,9032.150390625,9040.2001953125,8762.5498046875,8799.9501953125,8799.9501953125,6390200.0,8983.7998046875,8947.5498046875,9004.400390625,8938.75,0.0,-0.0,3.0,-0.0,26399.8505859375
429,1661,2016-09-30,8789.7998046875,8868.900390625,8763.400390625,8844.2001953125,8844.2001953125,2959400.0,8799.9501953125,9032.150390625,9040.2001953125,8762.5498046875,0.0,-0.0,3.0,-0.0,26532.6005859375
430,1662,2016-10-03,8900.0,9000.9501953125,8875.150390625,8992.5498046875,8992.5498046875,2517500.0,8844.2001953125,8789.7998046875,8868.900390625,8763.400390625,0.0,-0.0,3.0,-0.0,26977.6494140625
431,1663,2016-10-04,9025.5,9039.150390625,8991.5498046875,9029.2001953125,9029.2001953125,3054100.0,8992.5498046875,8900.0,9000.9501953125,8875.150390625,0.0,-0.0,3.0,-0.0,27087.6005859375
432,1664,2016-10-05,9066.25,9067.150390625,8993.900390625,9010.0,9010.0,2655700.0,9029.2001953125,9025.5,9039.150390625,8991.5498046875,-1.0,9010.0,2.0,9010.0,18020.0
433,1665,2016-10-06,9036.7001953125,9057.75,8950.650390625,8979.25,8979.25,2818100.0,9010.0,9066.25,9067.150390625,8993.900390625,0.0,-0.0,2.0,-0.0,17958.5
434,1666,2016-10-07,8995.2001953125,9000.4501953125,8929.599609375,8965.2998046875,8965.2998046875,2452400.0,8979.25,9036.7001953125,9057.75,8950.650390625,0.0,-0.0,2.0,-0.0,17930.599609375
435,1667,2016-10-10,9004.349609375,9014.5,8966.599609375,8971.9501953125,8971.9501953125,1802900.0,8965.2998046875,8995.2001953125,9000.4501953125,8929.599609375,0.0,-0.0,2.0,-0.0,17943.900390625
436,1668,2016-10-13,8937.650390625,8946.849609375,8792.2998046875,8832.2998046875,8832.2998046875,3185100.0,8971.9501953125,9004.349609375,9014.5,8966.599609375,0.0,-0.0,2.0,-0.0,17664.599609375
437,1669,2016-10-14,8854.75,8865.75,8809.400390625,8847.2998046875,8847.2998046875,2376600.0,8832.2998046875,8937.650390625,8946.849609375,8792.2998046875,0.0,-0.0,2.0,-0.0,17694.599609375
438,1670,2016-10-17,8875.75,8877.900390625,8769.0498046875,8784.4501953125,8784.4501953125,2850200.0,8847.2998046875,8854.75,8865.75,8809.400390625,1.0,-8784.4501953125,3.0,-8784.4501953125,26353.3505859375
439,1671,2016-10-18,8821.0498046875,8953.900390625,8820.900390625,8945.599609375,8945.599609375,3045300.0,8784.4501953125,8875.75,8877.900390625,8769.0498046875,0.0,-0.0,3.0,-0.0,26836.798828125
440,1672,2016-10-19,8968.5498046875,8969.5498046875,8908.7998046875,8933.900390625,8933.900390625,2584900.0,8945.599609375,8821.0498046875,8953.900390625,8820.900390625,0.0,-0.0,3.0,-0.0,26801.701171875
441,1673,2016-10-20,8969.7998046875,9001.400390625,8951.25,8970.2998046875,8970.2998046875,2641200.0,8933.900390625,8968.5498046875,8969.5498046875,8908.7998046875,0.0,-0.0,3.0,-0.0,26910.8994140625
442,1674,2016-10-21,8981.2998046875,8981.400390625,8923.7001953125,8967.5498046875,8967.5498046875,2432900.0,8970.2998046875,8969.7998046875,9001.400390625,8951.25,-1.0,8967.5498046875,2.0,8967.5498046875,17935.099609375
443,1675,2016-10-24,8985.7998046875,9005.849609375,8955.849609375,8977.099609375,8977.099609375,2375400.0,8967.5498046875,8981.2998046875,8981.400390625,8923.7001953125,1.0,-8977.099609375,3.0,-8977.099609375,26931.298828125
444,1676,2016-10-25,8989.25,8989.599609375,8930.0498046875,8963.4501953125,8963.4501953125,2648800.0,8977.099609375,8985.7998046875,9005.849609375,8955.849609375,1.0,-8963.4501953125,4.0,-8963.4501953125,35853.80078125
445,1677,2016-10-26,8931.2998046875,8931.2998046875,8862.400390625,8883.150390625,8883.150390625,3115700.0,8963.4501953125,8989.25,8989.599609375,8930.0498046875,0.0,-0.0,4.0,-0.0,35532.6015625
446,1678,2016-10-27,8873.5,8875.9501953125,8807.0498046875,8866.150390625,8866.150390625,3576900.0,8883.150390625,8931.2998046875,8931.2998046875,8862.400390625,0.0,-0.0,4.0,-0.0,35464.6015625
447,1679,2016-10-28,8879.25,8916.5498046875,8842.099609375,8906.0498046875,8906.0498046875,3011800.0,8866.150390625,8873.5,8875.9501953125,8807.0498046875,1.0,-8906.0498046875,5.0,-8906.0498046875,44530.2490234375
448,1680,2016-11-01,8928.25,8949.75,8892.0,8904.400390625,8904.400390625,3021900.0,8906.0498046875,8879.25,8916.5498046875,8842.099609375,0.0,-0.0,5.0,-0.0,44522.001953125
449,1681,2016-11-02,8819.25,8820.849609375,8771.5498046875,8781.099609375,8781.099609375,2634400.0,8904.400390625,8928.25,8949.75,8892.0,0.0,-0.0,5.0,-0.0,43905.498046875
450,1682,2016-11-03,8767.150390625,8807.150390625,8725.7001953125,8736.150390625,8736.150390625,2855000.0,8781.099609375,8819.25,8820.849609375,8771.5498046875,0.0,-0.0,5.0,-0.0,43680.751953125
451,1683,2016-11-04,8755.0,8755.2998046875,8638.650390625,8673.849609375,8673.849609375,3498000.0,8736.150390625,8767.150390625,8807.150390625,8725.7001953125,0.0,-0.0,5.0,-0.0,43369.248046875
452,1684,2016-11-07,8778.5,8780.5498046875,8721.75,8738.0,8738.0,2693700.0,8673.849609375,8755.0,8755.2998046875,8638.650390625,0.0,-0.0,5.0,-0.0,43690.0
453,1685,2016-11-08,8779.849609375,8798.5,8718.7998046875,8782.900390625,8782.900390625,2935900.0,8738.0,8778.5,8780.5498046875,8721.75,0.0,-0.0,5.0,-0.0,43914.501953125
454,1686,2016-11-09,8288.900390625,8699.900390625,8194.25,8660.150390625,8660.150390625,5165800.0,8782.900390625,8779.849609375,8798.5,8718.7998046875,-1.0,8660.150390625,4.0,8660.150390625,34640.6015625
455,1687,2016-11-10,8789.4501953125,8843.7001953125,8747.4501953125,8763.5498046875,8763.5498046875,4602000.0,8660.150390625,8288.900390625,8699.900390625,8194.25,0.0,-0.0,4.0,-0.0,35054.19921875
456,1688,2016-11-11,8688.099609375,8691.849609375,8502.2001953125,8518.4501953125,8518.4501953125,4302200.0,8763.5498046875,8789.4501953125,8843.7001953125,8747.4501953125,0.0,-0.0,4.0,-0.0,34073.80078125
457,1689,2016-11-15,8508.349609375,8510.9501953125,8281.0498046875,8296.0498046875,8296.0498046875,5350400.0,8518.4501953125,8688.099609375,8691.849609375,8502.2001953125,0.0,-0.0,4.0,-0.0,33184.19921875
458,1690,2016-11-16,8397.4501953125,8405.2998046875,8283.2001953125,8309.0,8309.0,4187200.0,8296.0498046875,8508.349609375,8510.9501953125,8281.0498046875,0.0,-0.0,4.0,-0.0,33236.0
459,1691,2016-11-17,8305.5,8353.25,8260.7998046875,8281.9501953125,8281.9501953125,3056500.0,8309.0,8397.4501953125,8405.2998046875,8283.2001953125,0.0,-0.0,4.0,-0.0,33127.80078125
460,1692,2016-11-18,8300.2998046875,8332.5,8250.2998046875,8283.2998046875,8283.2998046875,2796800.0,8281.9501953125,8305.5,8353.25,8260.7998046875,0.0,-0.0,4.0,-0.0,33133.19921875
461,1693,2016-11-21,8312.650390625,8312.650390625,8112.10009765625,8124.60009765625,8124.60009765625,3422100.0,8283.2998046875,8300.2998046875,8332.5,8250.2998046875,1.0,-8124.60009765625,5.0,-8124.60009765625,40623.00048828125
462,1694,2016-11-22,8185.60009765625,8225.5498046875,8132.7998046875,8208.349609375,8208.349609375,3344900.0,8124.60009765625,8312.650390625,8312.650390625,8112.10009765625,0.0,-0.0,5.0,-0.0,41041.748046875
463,1695,2016-11-23,8260.2998046875,8265.900390625,8183.60009765625,8253.650390625,8253.650390625,2978300.0,8208.349609375,8185.60009765625,8225.5498046875,8132.7998046875,-1.0,8253.650390625,4.0,8253.650390625,33014.6015625
464,1696,2016-11-24,8231.4501953125,8249.25,8174.2998046875,8194.599609375,8194.599609375,4245100.0,8253.650390625,8260.2998046875,8265.900390625,8183.60009765625,1.0,-8194.599609375,5.0,-8194.599609375,40972.998046875
465,1697,2016-11-25,8237.099609375,8351.4501953125,8205.599609375,8344.0498046875,8344.0498046875,2889500.0,8194.599609375,8231.4501953125,8249.25,8174.2998046875,0.0,-0.0,5.0,-0.0,41720.2490234375
466,1698,2016-11-28,8314.5,8383.7998046875,8299.75,8365.099609375,8365.099609375,2982800.0,8344.0498046875,8237.099609375,8351.4501953125,8205.599609375,0.0,-0.0,5.0,-0.0,41825.498046875
467,1699,2016-11-29,8372.0,8435.900390625,8367.0498046875,8379.5498046875,8379.5498046875,2925100.0,8365.099609375,8314.5,8383.7998046875,8299.75,0.0,-0.0,5.0,-0.0,41897.7490234375
468,1700,2016-11-30,8409.75,8475.75,8379.0498046875,8466.400390625,8466.400390625,4158100.0,8379.5498046875,8372.0,8435.900390625,8367.0498046875,-1.0,8466.400390625,4.0,8466.400390625,33865.6015625
469,1701,2016-12-01,8486.599609375,8491.900390625,8418.2998046875,8425.900390625,8425.900390625,2493900.0,8466.400390625,8409.75,8475.75,8379.0498046875,0.0,-0.0,4.0,-0.0,33703.6015625
470,1702,2016-12-02,8382.849609375,8390.2998046875,8298.7998046875,8316.349609375,8316.349609375,2744400.0,8425.900390625,8486.599609375,8491.900390625,8418.2998046875,0.0,-0.0,4.0,-0.0,33265.3984375
471,1703,2016-12-05,8319.599609375,8378.25,8293.650390625,8365.0,8365.0,2080600.0,8316.349609375,8382.849609375,8390.2998046875,8298.7998046875,0.0,-0.0,4.0,-0.0,33460.0
472,1704,2016-12-06,8391.0,8416.7001953125,8370.349609375,8380.900390625,8380.900390625,1892400.0,8365.0,8319.599609375,8378.25,8293.650390625,0.0,-0.0,4.0,-0.0,33523.6015625
473,1705,2016-12-07,8408.2998046875,8426.25,8315.599609375,8344.2998046875,8344.2998046875,2546200.0,8380.900390625,8391.0,8416.7001953125,8370.349609375,1.0,-8344.2998046875,5.0,-8344.2998046875,41721.4990234375
474,1706,2016-12-08,8397.400390625,8501.099609375,8395.75,8493.400390625,8493.400390625,2396500.0,8344.2998046875,8408.2998046875,8426.25,8315.599609375,0.0,-0.0,5.0,-0.0,42467.001953125
475,1707,2016-12-09,8517.349609375,8517.7001953125,8485.099609375,8501.7001953125,8501.7001953125,2439300.0,8493.400390625,8397.400390625,8501.099609375,8395.75,0.0,-0.0,5.0,-0.0,42508.5009765625
476,1708,2016-12-12,8475.099609375,8475.099609375,8389.650390625,8406.349609375,8406.349609375,1915900.0,8501.7001953125,8517.349609375,8517.7001953125,8485.099609375,0.0,-0.0,5.0,-0.0,42031.748046875
477,1709,2016-12-13,8427.849609375,8450.349609375,8387.400390625,8443.7001953125,8443.7001953125,2709300.0,8406.349609375,8475.099609375,8475.099609375,8389.650390625,0.0,-0.0,5.0,-0.0,42218.5009765625
478,1710,2016-12-14,8453.400390625,8453.400390625,8384.7001953125,8397.2998046875,8397.2998046875,2330700.0,8443.7001953125,8427.849609375,8450.349609375,8387.400390625,0.0,-0.0,5.0,-0.0,41986.4990234375
479,1711,2016-12-15,8341.150390625,8444.849609375,8335.150390625,8370.25,8370.25,2604400.0,8397.2998046875,8453.400390625,8453.400390625,8384.7001953125,0.0,-0.0,5.0,-0.0,41851.25
480,1712,2016-12-16,8394.150390625,8394.7001953125,8341.349609375,8355.75,8355.75,2814900.0,8370.25,8341.150390625,8444.849609375,8335.150390625,0.0,-0.0,5.0,-0.0,41778.75
481,1713,2016-12-19,8346.599609375,8349.0498046875,8307.400390625,8316.5498046875,8316.5498046875,1741900.0,8355.75,8394.150390625,8394.7001953125,8341.349609375,0.0,-0.0,5.0,-0.0,41582.7490234375
482,1714,2016-12-20,8322.0498046875,8335.4501953125,8266.2998046875,8286.400390625,8286.400390625,1946200.0,8316.5498046875,8346.599609375,8349.0498046875,8307.400390625,0.0,-0.0,5.0,-0.0,41432.001953125
483,1715,2016-12-21,8311.400390625,8316.849609375,8259.0498046875,8267.5498046875,8267.5498046875,1963500.0,8286.400390625,8322.0498046875,8335.4501953125,8266.2998046875,0.0,-0.0,5.0,-0.0,41337.7490234375
484,1716,2016-12-22,8251.0,8251.599609375,8162.0,8173.5498046875,8173.5498046875,2006200.0,8267.5498046875,8311.400390625,8316.849609375,8259.0498046875,0.0,-0.0,5.0,-0.0,40867.7490234375
485,1717,2016-12-23,8169.0498046875,8217.4501953125,8131.2001953125,8173.25,8173.25,2127200.0,8173.5498046875,8251.0,8251.599609375,8162.0,0.0,-0.0,5.0,-0.0,40866.25
486,1718,2016-12-26,8152.7001953125,8157.14990234375,8069.85009765625,8083.0498046875,8083.0498046875,1956200.0,8173.25,8169.0498046875,8217.4501953125,8131.2001953125,-1.0,8083.0498046875,4.0,8083.0498046875,32332.19921875
487,1719,2016-12-27,8090.35009765625,8226.0498046875,8072.60009765625,8214.4501953125,8214.4501953125,2140900.0,8083.0498046875,8152.7001953125,8157.14990234375,8069.85009765625,0.0,-0.0,4.0,-0.0,32857.80078125
488,1720,2016-12-28,8232.5498046875,8290.150390625,8215.5498046875,8222.0,8222.0,2115900.0,8214.4501953125,8090.35009765625,8226.0498046875,8072.60009765625,0.0,-0.0,4.0,-0.0,32888.0
489,1721,2016-12-29,8218.5498046875,8304.75,8209.650390625,8296.7998046875,8296.7998046875,3143200.0,8222.0,8232.5498046875,8290.150390625,8215.5498046875,1.0,-8296.7998046875,5.0,-8296.7998046875,41483.9990234375
490,1722,2016-12-30,8315.5498046875,8394.400390625,8311.2001953125,8382.5,8382.5,2054800.0,8296.7998046875,8218.5498046875,8304.75,8209.650390625,0.0,-0.0,5.0,-0.0,41912.5
491,1723,2017-01-02,8409.599609375,8411.0498046875,8337.2001953125,8389.25,8389.25,2084000.0,8382.5,8315.5498046875,8394.400390625,8311.2001953125,0.0,-0.0,5.0,-0.0,41946.25
492,1724,2017-01-03,8407.2998046875,8437.400390625,8365.2998046875,8411.2001953125,8411.2001953125,2158100.0,8389.25,8409.599609375,8411.0498046875,8337.2001953125,0.0,-0.0,5.0,-0.0,42056.0009765625
493,1725,2017-01-04,8424.4501953125,8440.5,8397.9501953125,8407.900390625,8407.900390625,2432500.0,8411.2001953125,8407.2998046875,8437.400390625,8365.2998046875,-1.0,8407.900390625,4.0,8407.900390625,33631.6015625
494,1726,2017-01-05,8445.5498046875,8509.4501953125,8443.599609375,8501.650390625,8501.650390625,2603800.0,8407.900390625,8424.4501953125,8440.5,8397.9501953125,0.0,-0.0,4.0,-0.0,34006.6015625
495,1727,2017-01-06,8512.7998046875,8538.849609375,8460.7998046875,8472.7001953125,8472.7001953125,2489800.0,8501.650390625,8445.5498046875,8509.4501953125,8443.599609375,0.0,-0.0,4.0,-0.0,33890.80078125
496,1728,2017-01-09,8490.7998046875,8494.0,8460.7998046875,8466.7998046875,8466.7998046875,1702000.0,8472.7001953125,8512.7998046875,8538.849609375,8460.7998046875,0.0,-0.0,4.0,-0.0,33867.19921875
497,1729,2017-01-10,8494.2998046875,8531.4501953125,8493.75,8526.2001953125,8526.2001953125,2298100.0,8466.7998046875,8490.7998046875,8494.0,8460.7998046875,0.0,-0.0,4.0,-0.0,34104.80078125
498,1730,2017-01-11,8565.25,8631.25,8558.9501953125,8623.150390625,8623.150390625,3280500.0,8526.2001953125,8494.2998046875,8531.4501953125,8493.75,0.0,-0.0,4.0,-0.0,34492.6015625
499,1731,2017-01-12,8634.650390625,8658.900390625,8622.0,8651.0,8651.0,3619800.0,8623.150390625,8565.25,8631.25,8558.9501953125,0.0,-0.0,4.0,-0.0,34604.0
500,1732,2017-01-13,8698.900390625,8701.900390625,8616.75,8646.7001953125,8646.7001953125,2947300.0,8651.0,8634.650390625,8658.900390625,8622.0,0.0,-0.0,4.0,-0.0,34586.80078125
501,1733,2017-01-16,8640.650390625,8677.349609375,8623.0498046875,8666.4501953125,8666.4501953125,2330200.0,8646.7001953125,8698.900390625,8701.900390625,8616.75,0.0,-0.0,4.0,-0.0,34665.80078125
502,1734,2017-01-17,8672.599609375,8696.099609375,8633.099609375,8653.099609375,8653.099609375,2445600.0,8666.4501953125,8640.650390625,8677.349609375,8623.0498046875,0.0,-0.0,4.0,-0.0,34612.3984375
503,1735,2017-01-18,8661.2001953125,8718.75,8656.400390625,8678.2998046875,8678.2998046875,2693300.0,8653.099609375,8672.599609375,8696.099609375,8633.099609375,0.0,-0.0,4.0,-0.0,34713.19921875
504,1736,2017-01-19,8680.0,8707.75,8665.849609375,8697.9501953125,8697.9501953125,2614900.0,8678.2998046875,8661.2001953125,8718.75,8656.400390625,0.0,-0.0,4.0,-0.0,34791.80078125
505,1737,2017-01-20,8668.849609375,8689.0498046875,8595.4501953125,8602.900390625,8602.900390625,2987300.0,8697.9501953125,8680.0,8707.75,8665.849609375,0.0,-0.0,4.0,-0.0,34411.6015625
506,1738,2017-01-23,8585.5498046875,8660.5,8583.150390625,8651.599609375,8651.599609375,2819300.0,8602.900390625,8668.849609375,8689.0498046875,8595.4501953125,0.0,-0.0,4.0,-0.0,34606.3984375
507,1739,2017-01-24,8670.2998046875,8745.0,8661.9501953125,8739.4501953125,8739.4501953125,2674900.0,8651.599609375,8585.5498046875,8660.5,8583.150390625,0.0,-0.0,4.0,-0.0,34957.80078125
508,1740,2017-01-25,8764.0498046875,8878.400390625,8758.150390625,8867.9501953125,8867.9501953125,4929600.0,8739.4501953125,8670.2998046875,8745.0,8661.9501953125,0.0,-0.0,4.0,-0.0,35471.80078125
509,1741,2017-01-27,8876.75,8943.4501953125,8872.9501953125,8908.900390625,8908.900390625,4280700.0,8867.9501953125,8764.0498046875,8878.400390625,8758.150390625,0.0,-0.0,4.0,35471.80078125,35635.6015625
